rule,comparison,metric,unit,block_len_days,n_days,n_boot,seed,confidence_level,ci_method,point_diff,boot_mean_diff,ci_lo,ci_hi,frac_resamples_gt0,ci_excludes_zero_95,interpretation,note
⓪운영설정,B-A,cum,누적수익 배수 차 (0.1442 = +14.42%p),10,752,2000,20260910,0.95,percentile (2.5 / 97.5),0.1442,0.1784,-0.4529,1.0414,0.701,False,frac_resamples_gt0 = 재표집 2000회 중 차이가 양수로 나온 비율. '진짜 우위일 확률'도 '실전 성공 확률'도 p-value 도 아니다. CI 가 0 을 포함한다는 것은 '이 표본으로는 부호를 가릴 수 없다'는 뜻이며 동등성·무효과의 증거가 아니다 — 동등성을 주장하려면 사전에 정한 동등성 마진과 TOST 같은 절차가 따로 필요하다.,
⓪운영설정,B-A,cagr,연복리수익률 차 (0.05 = +5%p),10,752,2000,20260910,0.95,percentile (2.5 / 97.5),0.0261,0.0276,-0.0699,0.1317,0.701,False,frac_resamples_gt0 = 재표집 2000회 중 차이가 양수로 나온 비율. '진짜 우위일 확률'도 '실전 성공 확률'도 p-value 도 아니다. CI 가 0 을 포함한다는 것은 '이 표본으로는 부호를 가릴 수 없다'는 뜻이며 동등성·무효과의 증거가 아니다 — 동등성을 주장하려면 사전에 정한 동등성 마진과 TOST 같은 절차가 따로 필요하다.,
⓪운영설정,B-A,sharpe,연율화 Sharpe 차 (무차원),10,752,2000,20260910,0.95,percentile (2.5 / 97.5),0.095,0.0947,-0.1435,0.323,0.7795,False,frac_resamples_gt0 = 재표집 2000회 중 차이가 양수로 나온 비율. '진짜 우위일 확률'도 '실전 성공 확률'도 p-value 도 아니다. CI 가 0 을 포함한다는 것은 '이 표본으로는 부호를 가릴 수 없다'는 뜻이며 동등성·무효과의 증거가 아니다 — 동등성을 주장하려면 사전에 정한 동등성 마진과 TOST 같은 절차가 따로 필요하다.,
⓪운영설정,B-A,mdd,최대낙폭 차 (-0.05 = 낙폭이 5%p 더 깊음),10,752,2000,20260910,0.95,percentile (2.5 / 97.5),0.023,0.0083,-0.0437,0.0677,0.6175,False,frac_resamples_gt0 = 재표집 2000회 중 차이가 양수로 나온 비율. '진짜 우위일 확률'도 '실전 성공 확률'도 p-value 도 아니다. CI 가 0 을 포함한다는 것은 '이 표본으로는 부호를 가릴 수 없다'는 뜻이며 동등성·무효과의 증거가 아니다 — 동등성을 주장하려면 사전에 정한 동등성 마진과 TOST 같은 절차가 따로 필요하다.,탐색 지표 — 블록 연결/경로 재구성에 민감
⓪운영설정,B-A,cum,누적수익 배수 차 (0.1442 = +14.42%p),20,752,2000,20260910,0.95,percentile (2.5 / 97.5),0.1442,0.1947,-0.4649,1.2098,0.6885,False,frac_resamples_gt0 = 재표집 2000회 중 차이가 양수로 나온 비율. '진짜 우위일 확률'도 '실전 성공 확률'도 p-value 도 아니다. CI 가 0 을 포함한다는 것은 '이 표본으로는 부호를 가릴 수 없다'는 뜻이며 동등성·무효과의 증거가 아니다 — 동등성을 주장하려면 사전에 정한 동등성 마진과 TOST 같은 절차가 따로 필요하다.,
⓪운영설정,B-A,cagr,연복리수익률 차 (0.05 = +5%p),20,752,2000,20260910,0.95,percentile (2.5 / 97.5),0.0261,0.028,-0.0727,0.1415,0.6885,False,frac_resamples_gt0 = 재표집 2000회 중 차이가 양수로 나온 비율. '진짜 우위일 확률'도 '실전 성공 확률'도 p-value 도 아니다. CI 가 0 을 포함한다는 것은 '이 표본으로는 부호를 가릴 수 없다'는 뜻이며 동등성·무효과의 증거가 아니다 — 동등성을 주장하려면 사전에 정한 동등성 마진과 TOST 같은 절차가 따로 필요하다.,
⓪운영설정,B-A,sharpe,연율화 Sharpe 차 (무차원),20,752,2000,20260910,0.95,percentile (2.5 / 97.5),0.095,0.0915,-0.1495,0.333,0.772,False,frac_resamples_gt0 = 재표집 2000회 중 차이가 양수로 나온 비율. '진짜 우위일 확률'도 '실전 성공 확률'도 p-value 도 아니다. CI 가 0 을 포함한다는 것은 '이 표본으로는 부호를 가릴 수 없다'는 뜻이며 동등성·무효과의 증거가 아니다 — 동등성을 주장하려면 사전에 정한 동등성 마진과 TOST 같은 절차가 따로 필요하다.,
⓪운영설정,B-A,mdd,최대낙폭 차 (-0.05 = 낙폭이 5%p 더 깊음),20,752,2000,20260910,0.95,percentile (2.5 / 97.5),0.023,0.0069,-0.0484,0.0627,0.6115,False,frac_resamples_gt0 = 재표집 2000회 중 차이가 양수로 나온 비율. '진짜 우위일 확률'도 '실전 성공 확률'도 p-value 도 아니다. CI 가 0 을 포함한다는 것은 '이 표본으로는 부호를 가릴 수 없다'는 뜻이며 동등성·무효과의 증거가 아니다 — 동등성을 주장하려면 사전에 정한 동등성 마진과 TOST 같은 절차가 따로 필요하다.,탐색 지표 — 블록 연결/경로 재구성에 민감
⓪운영설정,B-A,cum,누적수익 배수 차 (0.1442 = +14.42%p),40,752,2000,20260910,0.95,percentile (2.5 / 97.5),0.1442,0.2057,-0.4591,1.3198,0.7025,False,frac_resamples_gt0 = 재표집 2000회 중 차이가 양수로 나온 비율. '진짜 우위일 확률'도 '실전 성공 확률'도 p-value 도 아니다. CI 가 0 을 포함한다는 것은 '이 표본으로는 부호를 가릴 수 없다'는 뜻이며 동등성·무효과의 증거가 아니다 — 동등성을 주장하려면 사전에 정한 동등성 마진과 TOST 같은 절차가 따로 필요하다.,
⓪운영설정,B-A,cagr,연복리수익률 차 (0.05 = +5%p),40,752,2000,20260910,0.95,percentile (2.5 / 97.5),0.0261,0.0283,-0.0723,0.1463,0.7025,False,frac_resamples_gt0 = 재표집 2000회 중 차이가 양수로 나온 비율. '진짜 우위일 확률'도 '실전 성공 확률'도 p-value 도 아니다. CI 가 0 을 포함한다는 것은 '이 표본으로는 부호를 가릴 수 없다'는 뜻이며 동등성·무효과의 증거가 아니다 — 동등성을 주장하려면 사전에 정한 동등성 마진과 TOST 같은 절차가 따로 필요하다.,
⓪운영설정,B-A,sharpe,연율화 Sharpe 차 (무차원),40,752,2000,20260910,0.95,percentile (2.5 / 97.5),0.095,0.0895,-0.1539,0.3209,0.762,False,frac_resamples_gt0 = 재표집 2000회 중 차이가 양수로 나온 비율. '진짜 우위일 확률'도 '실전 성공 확률'도 p-value 도 아니다. CI 가 0 을 포함한다는 것은 '이 표본으로는 부호를 가릴 수 없다'는 뜻이며 동등성·무효과의 증거가 아니다 — 동등성을 주장하려면 사전에 정한 동등성 마진과 TOST 같은 절차가 따로 필요하다.,
⓪운영설정,B-A,mdd,최대낙폭 차 (-0.05 = 낙폭이 5%p 더 깊음),40,752,2000,20260910,0.95,percentile (2.5 / 97.5),0.023,0.0032,-0.0498,0.0563,0.54,False,frac_resamples_gt0 = 재표집 2000회 중 차이가 양수로 나온 비율. '진짜 우위일 확률'도 '실전 성공 확률'도 p-value 도 아니다. CI 가 0 을 포함한다는 것은 '이 표본으로는 부호를 가릴 수 없다'는 뜻이며 동등성·무효과의 증거가 아니다 — 동등성을 주장하려면 사전에 정한 동등성 마진과 TOST 같은 절차가 따로 필요하다.,탐색 지표 — 블록 연결/경로 재구성에 민감
⓪운영설정,C-B,cum,누적수익 배수 차 (0.1442 = +14.42%p),10,752,2000,20260910,0.95,percentile (2.5 / 97.5),-0.0412,-0.0586,-1.0991,0.9036,0.449,False,frac_resamples_gt0 = 재표집 2000회 중 차이가 양수로 나온 비율. '진짜 우위일 확률'도 '실전 성공 확률'도 p-value 도 아니다. CI 가 0 을 포함한다는 것은 '이 표본으로는 부호를 가릴 수 없다'는 뜻이며 동등성·무효과의 증거가 아니다 — 동등성을 주장하려면 사전에 정한 동등성 마진과 TOST 같은 절차가 따로 필요하다.,
⓪운영설정,C-B,cagr,연복리수익률 차 (0.05 = +5%p),10,752,2000,20260910,0.95,percentile (2.5 / 97.5),-0.0074,-0.0084,-0.138,0.1198,0.449,False,frac_resamples_gt0 = 재표집 2000회 중 차이가 양수로 나온 비율. '진짜 우위일 확률'도 '실전 성공 확률'도 p-value 도 아니다. CI 가 0 을 포함한다는 것은 '이 표본으로는 부호를 가릴 수 없다'는 뜻이며 동등성·무효과의 증거가 아니다 — 동등성을 주장하려면 사전에 정한 동등성 마진과 TOST 같은 절차가 따로 필요하다.,
⓪운영설정,C-B,sharpe,연율화 Sharpe 차 (무차원),10,752,2000,20260910,0.95,percentile (2.5 / 97.5),-0.0213,-0.0209,-0.3211,0.2879,0.4455,False,frac_resamples_gt0 = 재표집 2000회 중 차이가 양수로 나온 비율. '진짜 우위일 확률'도 '실전 성공 확률'도 p-value 도 아니다. CI 가 0 을 포함한다는 것은 '이 표본으로는 부호를 가릴 수 없다'는 뜻이며 동등성·무효과의 증거가 아니다 — 동등성을 주장하려면 사전에 정한 동등성 마진과 TOST 같은 절차가 따로 필요하다.,
⓪운영설정,C-B,mdd,최대낙폭 차 (-0.05 = 낙폭이 5%p 더 깊음),10,752,2000,20260910,0.95,percentile (2.5 / 97.5),-0.0076,0.0031,-0.0589,0.0707,0.5435,False,frac_resamples_gt0 = 재표집 2000회 중 차이가 양수로 나온 비율. '진짜 우위일 확률'도 '실전 성공 확률'도 p-value 도 아니다. CI 가 0 을 포함한다는 것은 '이 표본으로는 부호를 가릴 수 없다'는 뜻이며 동등성·무효과의 증거가 아니다 — 동등성을 주장하려면 사전에 정한 동등성 마진과 TOST 같은 절차가 따로 필요하다.,탐색 지표 — 블록 연결/경로 재구성에 민감
⓪운영설정,C-B,cum,누적수익 배수 차 (0.1442 = +14.42%p),20,752,2000,20260910,0.95,percentile (2.5 / 97.5),-0.0412,-0.0875,-1.3098,0.7764,0.445,False,frac_resamples_gt0 = 재표집 2000회 중 차이가 양수로 나온 비율. '진짜 우위일 확률'도 '실전 성공 확률'도 p-value 도 아니다. CI 가 0 을 포함한다는 것은 '이 표본으로는 부호를 가릴 수 없다'는 뜻이며 동등성·무효과의 증거가 아니다 — 동등성을 주장하려면 사전에 정한 동등성 마진과 TOST 같은 절차가 따로 필요하다.,
⓪운영설정,C-B,cagr,연복리수익률 차 (0.05 = +5%p),20,752,2000,20260910,0.95,percentile (2.5 / 97.5),-0.0074,-0.01,-0.1468,0.1149,0.445,False,frac_resamples_gt0 = 재표집 2000회 중 차이가 양수로 나온 비율. '진짜 우위일 확률'도 '실전 성공 확률'도 p-value 도 아니다. CI 가 0 을 포함한다는 것은 '이 표본으로는 부호를 가릴 수 없다'는 뜻이며 동등성·무효과의 증거가 아니다 — 동등성을 주장하려면 사전에 정한 동등성 마진과 TOST 같은 절차가 따로 필요하다.,
⓪운영설정,C-B,sharpe,연율화 Sharpe 차 (무차원),20,752,2000,20260910,0.95,percentile (2.5 / 97.5),-0.0213,-0.0203,-0.3057,0.2895,0.4385,False,frac_resamples_gt0 = 재표집 2000회 중 차이가 양수로 나온 비율. '진짜 우위일 확률'도 '실전 성공 확률'도 p-value 도 아니다. CI 가 0 을 포함한다는 것은 '이 표본으로는 부호를 가릴 수 없다'는 뜻이며 동등성·무효과의 증거가 아니다 — 동등성을 주장하려면 사전에 정한 동등성 마진과 TOST 같은 절차가 따로 필요하다.,
⓪운영설정,C-B,mdd,최대낙폭 차 (-0.05 = 낙폭이 5%p 더 깊음),20,752,2000,20260910,0.95,percentile (2.5 / 97.5),-0.0076,0.0058,-0.0529,0.0684,0.601,False,frac_resamples_gt0 = 재표집 2000회 중 차이가 양수로 나온 비율. '진짜 우위일 확률'도 '실전 성공 확률'도 p-value 도 아니다. CI 가 0 을 포함한다는 것은 '이 표본으로는 부호를 가릴 수 없다'는 뜻이며 동등성·무효과의 증거가 아니다 — 동등성을 주장하려면 사전에 정한 동등성 마진과 TOST 같은 절차가 따로 필요하다.,탐색 지표 — 블록 연결/경로 재구성에 민감
⓪운영설정,C-B,cum,누적수익 배수 차 (0.1442 = +14.42%p),40,752,2000,20260910,0.95,percentile (2.5 / 97.5),-0.0412,-0.1088,-1.4913,0.6681,0.459,False,frac_resamples_gt0 = 재표집 2000회 중 차이가 양수로 나온 비율. '진짜 우위일 확률'도 '실전 성공 확률'도 p-value 도 아니다. CI 가 0 을 포함한다는 것은 '이 표본으로는 부호를 가릴 수 없다'는 뜻이며 동등성·무효과의 증거가 아니다 — 동등성을 주장하려면 사전에 정한 동등성 마진과 TOST 같은 절차가 따로 필요하다.,
⓪운영설정,C-B,cagr,연복리수익률 차 (0.05 = +5%p),40,752,2000,20260910,0.95,percentile (2.5 / 97.5),-0.0074,-0.0099,-0.1508,0.1076,0.459,False,frac_resamples_gt0 = 재표집 2000회 중 차이가 양수로 나온 비율. '진짜 우위일 확률'도 '실전 성공 확률'도 p-value 도 아니다. CI 가 0 을 포함한다는 것은 '이 표본으로는 부호를 가릴 수 없다'는 뜻이며 동등성·무효과의 증거가 아니다 — 동등성을 주장하려면 사전에 정한 동등성 마진과 TOST 같은 절차가 따로 필요하다.,
⓪운영설정,C-B,sharpe,연율화 Sharpe 차 (무차원),40,752,2000,20260910,0.95,percentile (2.5 / 97.5),-0.0213,-0.015,-0.3047,0.3016,0.448,False,frac_resamples_gt0 = 재표집 2000회 중 차이가 양수로 나온 비율. '진짜 우위일 확률'도 '실전 성공 확률'도 p-value 도 아니다. CI 가 0 을 포함한다는 것은 '이 표본으로는 부호를 가릴 수 없다'는 뜻이며 동등성·무효과의 증거가 아니다 — 동등성을 주장하려면 사전에 정한 동등성 마진과 TOST 같은 절차가 따로 필요하다.,
⓪운영설정,C-B,mdd,최대낙폭 차 (-0.05 = 낙폭이 5%p 더 깊음),40,752,2000,20260910,0.95,percentile (2.5 / 97.5),-0.0076,0.0094,-0.0403,0.0689,0.6605,False,frac_resamples_gt0 = 재표집 2000회 중 차이가 양수로 나온 비율. '진짜 우위일 확률'도 '실전 성공 확률'도 p-value 도 아니다. CI 가 0 을 포함한다는 것은 '이 표본으로는 부호를 가릴 수 없다'는 뜻이며 동등성·무효과의 증거가 아니다 — 동등성을 주장하려면 사전에 정한 동등성 마진과 TOST 같은 절차가 따로 필요하다.,탐색 지표 — 블록 연결/경로 재구성에 민감
⓪운영설정,C-A,cum,누적수익 배수 차 (0.1442 = +14.42%p),10,752,2000,20260910,0.95,percentile (2.5 / 97.5),0.103,0.1198,-0.5955,1.0506,0.637,False,frac_resamples_gt0 = 재표집 2000회 중 차이가 양수로 나온 비율. '진짜 우위일 확률'도 '실전 성공 확률'도 p-value 도 아니다. CI 가 0 을 포함한다는 것은 '이 표본으로는 부호를 가릴 수 없다'는 뜻이며 동등성·무효과의 증거가 아니다 — 동등성을 주장하려면 사전에 정한 동등성 마진과 TOST 같은 절차가 따로 필요하다.,
⓪운영설정,C-A,cagr,연복리수익률 차 (0.05 = +5%p),10,752,2000,20260910,0.95,percentile (2.5 / 97.5),0.0187,0.0192,-0.0916,0.132,0.637,False,frac_resamples_gt0 = 재표집 2000회 중 차이가 양수로 나온 비율. '진짜 우위일 확률'도 '실전 성공 확률'도 p-value 도 아니다. CI 가 0 을 포함한다는 것은 '이 표본으로는 부호를 가릴 수 없다'는 뜻이며 동등성·무효과의 증거가 아니다 — 동등성을 주장하려면 사전에 정한 동등성 마진과 TOST 같은 절차가 따로 필요하다.,
⓪운영설정,C-A,sharpe,연율화 Sharpe 차 (무차원),10,752,2000,20260910,0.95,percentile (2.5 / 97.5),0.0737,0.0737,-0.1932,0.3409,0.708,False,frac_resamples_gt0 = 재표집 2000회 중 차이가 양수로 나온 비율. '진짜 우위일 확률'도 '실전 성공 확률'도 p-value 도 아니다. CI 가 0 을 포함한다는 것은 '이 표본으로는 부호를 가릴 수 없다'는 뜻이며 동등성·무효과의 증거가 아니다 — 동등성을 주장하려면 사전에 정한 동등성 마진과 TOST 같은 절차가 따로 필요하다.,
⓪운영설정,C-A,mdd,최대낙폭 차 (-0.05 = 낙폭이 5%p 더 깊음),10,752,2000,20260910,0.95,percentile (2.5 / 97.5),0.0154,0.0113,-0.0568,0.0781,0.657,False,frac_resamples_gt0 = 재표집 2000회 중 차이가 양수로 나온 비율. '진짜 우위일 확률'도 '실전 성공 확률'도 p-value 도 아니다. CI 가 0 을 포함한다는 것은 '이 표본으로는 부호를 가릴 수 없다'는 뜻이며 동등성·무효과의 증거가 아니다 — 동등성을 주장하려면 사전에 정한 동등성 마진과 TOST 같은 절차가 따로 필요하다.,탐색 지표 — 블록 연결/경로 재구성에 민감
⓪운영설정,C-A,cum,누적수익 배수 차 (0.1442 = +14.42%p),20,752,2000,20260910,0.95,percentile (2.5 / 97.5),0.103,0.1072,-0.6775,0.9824,0.6335,False,frac_resamples_gt0 = 재표집 2000회 중 차이가 양수로 나온 비율. '진짜 우위일 확률'도 '실전 성공 확률'도 p-value 도 아니다. CI 가 0 을 포함한다는 것은 '이 표본으로는 부호를 가릴 수 없다'는 뜻이며 동등성·무효과의 증거가 아니다 — 동등성을 주장하려면 사전에 정한 동등성 마진과 TOST 같은 절차가 따로 필요하다.,
⓪운영설정,C-A,cagr,연복리수익률 차 (0.05 = +5%p),20,752,2000,20260910,0.95,percentile (2.5 / 97.5),0.0187,0.018,-0.0941,0.128,0.6335,False,frac_resamples_gt0 = 재표집 2000회 중 차이가 양수로 나온 비율. '진짜 우위일 확률'도 '실전 성공 확률'도 p-value 도 아니다. CI 가 0 을 포함한다는 것은 '이 표본으로는 부호를 가릴 수 없다'는 뜻이며 동등성·무효과의 증거가 아니다 — 동등성을 주장하려면 사전에 정한 동등성 마진과 TOST 같은 절차가 따로 필요하다.,
⓪운영설정,C-A,sharpe,연율화 Sharpe 차 (무차원),20,752,2000,20260910,0.95,percentile (2.5 / 97.5),0.0737,0.0712,-0.192,0.3415,0.6975,False,frac_resamples_gt0 = 재표집 2000회 중 차이가 양수로 나온 비율. '진짜 우위일 확률'도 '실전 성공 확률'도 p-value 도 아니다. CI 가 0 을 포함한다는 것은 '이 표본으로는 부호를 가릴 수 없다'는 뜻이며 동등성·무효과의 증거가 아니다 — 동등성을 주장하려면 사전에 정한 동등성 마진과 TOST 같은 절차가 따로 필요하다.,
⓪운영설정,C-A,mdd,최대낙폭 차 (-0.05 = 낙폭이 5%p 더 깊음),20,752,2000,20260910,0.95,percentile (2.5 / 97.5),0.0154,0.0128,-0.0522,0.0792,0.675,False,frac_resamples_gt0 = 재표집 2000회 중 차이가 양수로 나온 비율. '진짜 우위일 확률'도 '실전 성공 확률'도 p-value 도 아니다. CI 가 0 을 포함한다는 것은 '이 표본으로는 부호를 가릴 수 없다'는 뜻이며 동등성·무효과의 증거가 아니다 — 동등성을 주장하려면 사전에 정한 동등성 마진과 TOST 같은 절차가 따로 필요하다.,탐색 지표 — 블록 연결/경로 재구성에 민감
⓪운영설정,C-A,cum,누적수익 배수 차 (0.1442 = +14.42%p),40,752,2000,20260910,0.95,percentile (2.5 / 97.5),0.103,0.097,-0.7276,0.9078,0.632,False,frac_resamples_gt0 = 재표집 2000회 중 차이가 양수로 나온 비율. '진짜 우위일 확률'도 '실전 성공 확률'도 p-value 도 아니다. CI 가 0 을 포함한다는 것은 '이 표본으로는 부호를 가릴 수 없다'는 뜻이며 동등성·무효과의 증거가 아니다 — 동등성을 주장하려면 사전에 정한 동등성 마진과 TOST 같은 절차가 따로 필요하다.,
⓪운영설정,C-A,cagr,연복리수익률 차 (0.05 = +5%p),40,752,2000,20260910,0.95,percentile (2.5 / 97.5),0.0187,0.0184,-0.0984,0.1286,0.632,False,frac_resamples_gt0 = 재표집 2000회 중 차이가 양수로 나온 비율. '진짜 우위일 확률'도 '실전 성공 확률'도 p-value 도 아니다. CI 가 0 을 포함한다는 것은 '이 표본으로는 부호를 가릴 수 없다'는 뜻이며 동등성·무효과의 증거가 아니다 — 동등성을 주장하려면 사전에 정한 동등성 마진과 TOST 같은 절차가 따로 필요하다.,
⓪운영설정,C-A,sharpe,연율화 Sharpe 차 (무차원),40,752,2000,20260910,0.95,percentile (2.5 / 97.5),0.0737,0.0745,-0.1922,0.3537,0.701,False,frac_resamples_gt0 = 재표집 2000회 중 차이가 양수로 나온 비율. '진짜 우위일 확률'도 '실전 성공 확률'도 p-value 도 아니다. CI 가 0 을 포함한다는 것은 '이 표본으로는 부호를 가릴 수 없다'는 뜻이며 동등성·무효과의 증거가 아니다 — 동등성을 주장하려면 사전에 정한 동등성 마진과 TOST 같은 절차가 따로 필요하다.,
⓪운영설정,C-A,mdd,최대낙폭 차 (-0.05 = 낙폭이 5%p 더 깊음),40,752,2000,20260910,0.95,percentile (2.5 / 97.5),0.0154,0.0126,-0.0491,0.0777,0.639,False,frac_resamples_gt0 = 재표집 2000회 중 차이가 양수로 나온 비율. '진짜 우위일 확률'도 '실전 성공 확률'도 p-value 도 아니다. CI 가 0 을 포함한다는 것은 '이 표본으로는 부호를 가릴 수 없다'는 뜻이며 동등성·무효과의 증거가 아니다 — 동등성을 주장하려면 사전에 정한 동등성 마진과 TOST 같은 절차가 따로 필요하다.,탐색 지표 — 블록 연결/경로 재구성에 민감
①손절15+모멘텀0,B-A,cum,누적수익 배수 차 (0.1442 = +14.42%p),10,752,2000,20260910,0.95,percentile (2.5 / 97.5),0.1171,0.068,-2.4189,2.3639,0.565,False,frac_resamples_gt0 = 재표집 2000회 중 차이가 양수로 나온 비율. '진짜 우위일 확률'도 '실전 성공 확률'도 p-value 도 아니다. CI 가 0 을 포함한다는 것은 '이 표본으로는 부호를 가릴 수 없다'는 뜻이며 동등성·무효과의 증거가 아니다 — 동등성을 주장하려면 사전에 정한 동등성 마진과 TOST 같은 절차가 따로 필요하다.,
①손절15+모멘텀0,B-A,cagr,연복리수익률 차 (0.05 = +5%p),10,752,2000,20260910,0.95,percentile (2.5 / 97.5),0.0207,0.0169,-0.244,0.2916,0.565,False,frac_resamples_gt0 = 재표집 2000회 중 차이가 양수로 나온 비율. '진짜 우위일 확률'도 '실전 성공 확률'도 p-value 도 아니다. CI 가 0 을 포함한다는 것은 '이 표본으로는 부호를 가릴 수 없다'는 뜻이며 동등성·무효과의 증거가 아니다 — 동등성을 주장하려면 사전에 정한 동등성 마진과 TOST 같은 절차가 따로 필요하다.,
①손절15+모멘텀0,B-A,sharpe,연율화 Sharpe 차 (무차원),10,752,2000,20260910,0.95,percentile (2.5 / 97.5),0.0593,0.0625,-0.3729,0.5247,0.6055,False,frac_resamples_gt0 = 재표집 2000회 중 차이가 양수로 나온 비율. '진짜 우위일 확률'도 '실전 성공 확률'도 p-value 도 아니다. CI 가 0 을 포함한다는 것은 '이 표본으로는 부호를 가릴 수 없다'는 뜻이며 동등성·무효과의 증거가 아니다 — 동등성을 주장하려면 사전에 정한 동등성 마진과 TOST 같은 절차가 따로 필요하다.,
①손절15+모멘텀0,B-A,mdd,최대낙폭 차 (-0.05 = 낙폭이 5%p 더 깊음),10,752,2000,20260910,0.95,percentile (2.5 / 97.5),0.0361,0.0134,-0.0967,0.1303,0.5905,False,frac_resamples_gt0 = 재표집 2000회 중 차이가 양수로 나온 비율. '진짜 우위일 확률'도 '실전 성공 확률'도 p-value 도 아니다. CI 가 0 을 포함한다는 것은 '이 표본으로는 부호를 가릴 수 없다'는 뜻이며 동등성·무효과의 증거가 아니다 — 동등성을 주장하려면 사전에 정한 동등성 마진과 TOST 같은 절차가 따로 필요하다.,탐색 지표 — 블록 연결/경로 재구성에 민감
①손절15+모멘텀0,B-A,cum,누적수익 배수 차 (0.1442 = +14.42%p),20,752,2000,20260910,0.95,percentile (2.5 / 97.5),0.1171,0.1082,-2.6459,2.6891,0.56,False,frac_resamples_gt0 = 재표집 2000회 중 차이가 양수로 나온 비율. '진짜 우위일 확률'도 '실전 성공 확률'도 p-value 도 아니다. CI 가 0 을 포함한다는 것은 '이 표본으로는 부호를 가릴 수 없다'는 뜻이며 동등성·무효과의 증거가 아니다 — 동등성을 주장하려면 사전에 정한 동등성 마진과 TOST 같은 절차가 따로 필요하다.,
①손절15+모멘텀0,B-A,cagr,연복리수익률 차 (0.05 = +5%p),20,752,2000,20260910,0.95,percentile (2.5 / 97.5),0.0207,0.0205,-0.2524,0.3124,0.56,False,frac_resamples_gt0 = 재표집 2000회 중 차이가 양수로 나온 비율. '진짜 우위일 확률'도 '실전 성공 확률'도 p-value 도 아니다. CI 가 0 을 포함한다는 것은 '이 표본으로는 부호를 가릴 수 없다'는 뜻이며 동등성·무효과의 증거가 아니다 — 동등성을 주장하려면 사전에 정한 동등성 마진과 TOST 같은 절차가 따로 필요하다.,
①손절15+모멘텀0,B-A,sharpe,연율화 Sharpe 차 (무차원),20,752,2000,20260910,0.95,percentile (2.5 / 97.5),0.0593,0.0703,-0.3811,0.5877,0.6045,False,frac_resamples_gt0 = 재표집 2000회 중 차이가 양수로 나온 비율. '진짜 우위일 확률'도 '실전 성공 확률'도 p-value 도 아니다. CI 가 0 을 포함한다는 것은 '이 표본으로는 부호를 가릴 수 없다'는 뜻이며 동등성·무효과의 증거가 아니다 — 동등성을 주장하려면 사전에 정한 동등성 마진과 TOST 같은 절차가 따로 필요하다.,
①손절15+모멘텀0,B-A,mdd,최대낙폭 차 (-0.05 = 낙폭이 5%p 더 깊음),20,752,2000,20260910,0.95,percentile (2.5 / 97.5),0.0361,0.0168,-0.0885,0.1444,0.6065,False,frac_resamples_gt0 = 재표집 2000회 중 차이가 양수로 나온 비율. '진짜 우위일 확률'도 '실전 성공 확률'도 p-value 도 아니다. CI 가 0 을 포함한다는 것은 '이 표본으로는 부호를 가릴 수 없다'는 뜻이며 동등성·무효과의 증거가 아니다 — 동등성을 주장하려면 사전에 정한 동등성 마진과 TOST 같은 절차가 따로 필요하다.,탐색 지표 — 블록 연결/경로 재구성에 민감
①손절15+모멘텀0,B-A,cum,누적수익 배수 차 (0.1442 = +14.42%p),40,752,2000,20260910,0.95,percentile (2.5 / 97.5),0.1171,0.0175,-3.1262,2.6172,0.5335,False,frac_resamples_gt0 = 재표집 2000회 중 차이가 양수로 나온 비율. '진짜 우위일 확률'도 '실전 성공 확률'도 p-value 도 아니다. CI 가 0 을 포함한다는 것은 '이 표본으로는 부호를 가릴 수 없다'는 뜻이며 동등성·무효과의 증거가 아니다 — 동등성을 주장하려면 사전에 정한 동등성 마진과 TOST 같은 절차가 따로 필요하다.,
①손절15+모멘텀0,B-A,cagr,연복리수익률 차 (0.05 = +5%p),40,752,2000,20260910,0.95,percentile (2.5 / 97.5),0.0207,0.015,-0.2729,0.319,0.5335,False,frac_resamples_gt0 = 재표집 2000회 중 차이가 양수로 나온 비율. '진짜 우위일 확률'도 '실전 성공 확률'도 p-value 도 아니다. CI 가 0 을 포함한다는 것은 '이 표본으로는 부호를 가릴 수 없다'는 뜻이며 동등성·무효과의 증거가 아니다 — 동등성을 주장하려면 사전에 정한 동등성 마진과 TOST 같은 절차가 따로 필요하다.,
①손절15+모멘텀0,B-A,sharpe,연율화 Sharpe 차 (무차원),40,752,2000,20260910,0.95,percentile (2.5 / 97.5),0.0593,0.0693,-0.3475,0.6162,0.575,False,frac_resamples_gt0 = 재표집 2000회 중 차이가 양수로 나온 비율. '진짜 우위일 확률'도 '실전 성공 확률'도 p-value 도 아니다. CI 가 0 을 포함한다는 것은 '이 표본으로는 부호를 가릴 수 없다'는 뜻이며 동등성·무효과의 증거가 아니다 — 동등성을 주장하려면 사전에 정한 동등성 마진과 TOST 같은 절차가 따로 필요하다.,
①손절15+모멘텀0,B-A,mdd,최대낙폭 차 (-0.05 = 낙폭이 5%p 더 깊음),40,752,2000,20260910,0.95,percentile (2.5 / 97.5),0.0361,0.0245,-0.0793,0.1582,0.669,False,frac_resamples_gt0 = 재표집 2000회 중 차이가 양수로 나온 비율. '진짜 우위일 확률'도 '실전 성공 확률'도 p-value 도 아니다. CI 가 0 을 포함한다는 것은 '이 표본으로는 부호를 가릴 수 없다'는 뜻이며 동등성·무효과의 증거가 아니다 — 동등성을 주장하려면 사전에 정한 동등성 마진과 TOST 같은 절차가 따로 필요하다.,탐색 지표 — 블록 연결/경로 재구성에 민감
①손절15+모멘텀0,C-B,cum,누적수익 배수 차 (0.1442 = +14.42%p),10,752,2000,20260910,0.95,percentile (2.5 / 97.5),0.7819,1.2163,-1.0219,6.9,0.798,False,frac_resamples_gt0 = 재표집 2000회 중 차이가 양수로 나온 비율. '진짜 우위일 확률'도 '실전 성공 확률'도 p-value 도 아니다. CI 가 0 을 포함한다는 것은 '이 표본으로는 부호를 가릴 수 없다'는 뜻이며 동등성·무효과의 증거가 아니다 — 동등성을 주장하려면 사전에 정한 동등성 마진과 TOST 같은 절차가 따로 필요하다.,
①손절15+모멘텀0,C-B,cagr,연복리수익률 차 (0.05 = +5%p),10,752,2000,20260910,0.95,percentile (2.5 / 97.5),0.1246,0.1353,-0.1602,0.5252,0.798,False,frac_resamples_gt0 = 재표집 2000회 중 차이가 양수로 나온 비율. '진짜 우위일 확률'도 '실전 성공 확률'도 p-value 도 아니다. CI 가 0 을 포함한다는 것은 '이 표본으로는 부호를 가릴 수 없다'는 뜻이며 동등성·무효과의 증거가 아니다 — 동등성을 주장하려면 사전에 정한 동등성 마진과 TOST 같은 절차가 따로 필요하다.,
①손절15+모멘텀0,C-B,sharpe,연율화 Sharpe 차 (무차원),10,752,2000,20260910,0.95,percentile (2.5 / 97.5),0.1786,0.1724,-0.3381,0.6812,0.752,False,frac_resamples_gt0 = 재표집 2000회 중 차이가 양수로 나온 비율. '진짜 우위일 확률'도 '실전 성공 확률'도 p-value 도 아니다. CI 가 0 을 포함한다는 것은 '이 표본으로는 부호를 가릴 수 없다'는 뜻이며 동등성·무효과의 증거가 아니다 — 동등성을 주장하려면 사전에 정한 동등성 마진과 TOST 같은 절차가 따로 필요하다.,
①손절15+모멘텀0,C-B,mdd,최대낙폭 차 (-0.05 = 낙폭이 5%p 더 깊음),10,752,2000,20260910,0.95,percentile (2.5 / 97.5),0.0286,0.0078,-0.1311,0.1498,0.5375,False,frac_resamples_gt0 = 재표집 2000회 중 차이가 양수로 나온 비율. '진짜 우위일 확률'도 '실전 성공 확률'도 p-value 도 아니다. CI 가 0 을 포함한다는 것은 '이 표본으로는 부호를 가릴 수 없다'는 뜻이며 동등성·무효과의 증거가 아니다 — 동등성을 주장하려면 사전에 정한 동등성 마진과 TOST 같은 절차가 따로 필요하다.,탐색 지표 — 블록 연결/경로 재구성에 민감
①손절15+모멘텀0,C-B,cum,누적수익 배수 차 (0.1442 = +14.42%p),20,752,2000,20260910,0.95,percentile (2.5 / 97.5),0.7819,1.3871,-1.0258,8.719,0.797,False,frac_resamples_gt0 = 재표집 2000회 중 차이가 양수로 나온 비율. '진짜 우위일 확률'도 '실전 성공 확률'도 p-value 도 아니다. CI 가 0 을 포함한다는 것은 '이 표본으로는 부호를 가릴 수 없다'는 뜻이며 동등성·무효과의 증거가 아니다 — 동등성을 주장하려면 사전에 정한 동등성 마진과 TOST 같은 절차가 따로 필요하다.,
①손절15+모멘텀0,C-B,cagr,연복리수익률 차 (0.05 = +5%p),20,752,2000,20260910,0.95,percentile (2.5 / 97.5),0.1246,0.1389,-0.149,0.579,0.797,False,frac_resamples_gt0 = 재표집 2000회 중 차이가 양수로 나온 비율. '진짜 우위일 확률'도 '실전 성공 확률'도 p-value 도 아니다. CI 가 0 을 포함한다는 것은 '이 표본으로는 부호를 가릴 수 없다'는 뜻이며 동등성·무효과의 증거가 아니다 — 동등성을 주장하려면 사전에 정한 동등성 마진과 TOST 같은 절차가 따로 필요하다.,
①손절15+모멘텀0,C-B,sharpe,연율화 Sharpe 차 (무차원),20,752,2000,20260910,0.95,percentile (2.5 / 97.5),0.1786,0.1671,-0.3219,0.6522,0.755,False,frac_resamples_gt0 = 재표집 2000회 중 차이가 양수로 나온 비율. '진짜 우위일 확률'도 '실전 성공 확률'도 p-value 도 아니다. CI 가 0 을 포함한다는 것은 '이 표본으로는 부호를 가릴 수 없다'는 뜻이며 동등성·무효과의 증거가 아니다 — 동등성을 주장하려면 사전에 정한 동등성 마진과 TOST 같은 절차가 따로 필요하다.,
①손절15+모멘텀0,C-B,mdd,최대낙폭 차 (-0.05 = 낙폭이 5%p 더 깊음),20,752,2000,20260910,0.95,percentile (2.5 / 97.5),0.0286,0.008,-0.1192,0.148,0.5365,False,frac_resamples_gt0 = 재표집 2000회 중 차이가 양수로 나온 비율. '진짜 우위일 확률'도 '실전 성공 확률'도 p-value 도 아니다. CI 가 0 을 포함한다는 것은 '이 표본으로는 부호를 가릴 수 없다'는 뜻이며 동등성·무효과의 증거가 아니다 — 동등성을 주장하려면 사전에 정한 동등성 마진과 TOST 같은 절차가 따로 필요하다.,탐색 지표 — 블록 연결/경로 재구성에 민감
①손절15+모멘텀0,C-B,cum,누적수익 배수 차 (0.1442 = +14.42%p),40,752,2000,20260910,0.95,percentile (2.5 / 97.5),0.7819,1.3418,-0.9254,7.8546,0.818,False,frac_resamples_gt0 = 재표집 2000회 중 차이가 양수로 나온 비율. '진짜 우위일 확률'도 '실전 성공 확률'도 p-value 도 아니다. CI 가 0 을 포함한다는 것은 '이 표본으로는 부호를 가릴 수 없다'는 뜻이며 동등성·무효과의 증거가 아니다 — 동등성을 주장하려면 사전에 정한 동등성 마진과 TOST 같은 절차가 따로 필요하다.,
①손절15+모멘텀0,C-B,cagr,연복리수익률 차 (0.05 = +5%p),40,752,2000,20260910,0.95,percentile (2.5 / 97.5),0.1246,0.1335,-0.1345,0.5265,0.818,False,frac_resamples_gt0 = 재표집 2000회 중 차이가 양수로 나온 비율. '진짜 우위일 확률'도 '실전 성공 확률'도 p-value 도 아니다. CI 가 0 을 포함한다는 것은 '이 표본으로는 부호를 가릴 수 없다'는 뜻이며 동등성·무효과의 증거가 아니다 — 동등성을 주장하려면 사전에 정한 동등성 마진과 TOST 같은 절차가 따로 필요하다.,
①손절15+모멘텀0,C-B,sharpe,연율화 Sharpe 차 (무차원),40,752,2000,20260910,0.95,percentile (2.5 / 97.5),0.1786,0.1604,-0.2978,0.5875,0.777,False,frac_resamples_gt0 = 재표집 2000회 중 차이가 양수로 나온 비율. '진짜 우위일 확률'도 '실전 성공 확률'도 p-value 도 아니다. CI 가 0 을 포함한다는 것은 '이 표본으로는 부호를 가릴 수 없다'는 뜻이며 동등성·무효과의 증거가 아니다 — 동등성을 주장하려면 사전에 정한 동등성 마진과 TOST 같은 절차가 따로 필요하다.,
①손절15+모멘텀0,C-B,mdd,최대낙폭 차 (-0.05 = 낙폭이 5%p 더 깊음),40,752,2000,20260910,0.95,percentile (2.5 / 97.5),0.0286,0.0137,-0.0965,0.1316,0.579,False,frac_resamples_gt0 = 재표집 2000회 중 차이가 양수로 나온 비율. '진짜 우위일 확률'도 '실전 성공 확률'도 p-value 도 아니다. CI 가 0 을 포함한다는 것은 '이 표본으로는 부호를 가릴 수 없다'는 뜻이며 동등성·무효과의 증거가 아니다 — 동등성을 주장하려면 사전에 정한 동등성 마진과 TOST 같은 절차가 따로 필요하다.,탐색 지표 — 블록 연결/경로 재구성에 민감
①손절15+모멘텀0,C-A,cum,누적수익 배수 차 (0.1442 = +14.42%p),10,752,2000,20260910,0.95,percentile (2.5 / 97.5),0.899,1.2843,-1.2591,6.8298,0.7895,False,frac_resamples_gt0 = 재표집 2000회 중 차이가 양수로 나온 비율. '진짜 우위일 확률'도 '실전 성공 확률'도 p-value 도 아니다. CI 가 0 을 포함한다는 것은 '이 표본으로는 부호를 가릴 수 없다'는 뜻이며 동등성·무효과의 증거가 아니다 — 동등성을 주장하려면 사전에 정한 동등성 마진과 TOST 같은 절차가 따로 필요하다.,
①손절15+모멘텀0,C-A,cagr,연복리수익률 차 (0.05 = +5%p),10,752,2000,20260910,0.95,percentile (2.5 / 97.5),0.1453,0.1522,-0.2011,0.5921,0.7895,False,frac_resamples_gt0 = 재표집 2000회 중 차이가 양수로 나온 비율. '진짜 우위일 확률'도 '실전 성공 확률'도 p-value 도 아니다. CI 가 0 을 포함한다는 것은 '이 표본으로는 부호를 가릴 수 없다'는 뜻이며 동등성·무효과의 증거가 아니다 — 동등성을 주장하려면 사전에 정한 동등성 마진과 TOST 같은 절차가 따로 필요하다.,
①손절15+모멘텀0,C-A,sharpe,연율화 Sharpe 차 (무차원),10,752,2000,20260910,0.95,percentile (2.5 / 97.5),0.2379,0.2349,-0.352,0.857,0.781,False,frac_resamples_gt0 = 재표집 2000회 중 차이가 양수로 나온 비율. '진짜 우위일 확률'도 '실전 성공 확률'도 p-value 도 아니다. CI 가 0 을 포함한다는 것은 '이 표본으로는 부호를 가릴 수 없다'는 뜻이며 동등성·무효과의 증거가 아니다 — 동등성을 주장하려면 사전에 정한 동등성 마진과 TOST 같은 절차가 따로 필요하다.,
①손절15+모멘텀0,C-A,mdd,최대낙폭 차 (-0.05 = 낙폭이 5%p 더 깊음),10,752,2000,20260910,0.95,percentile (2.5 / 97.5),0.0647,0.0211,-0.1116,0.177,0.6155,False,frac_resamples_gt0 = 재표집 2000회 중 차이가 양수로 나온 비율. '진짜 우위일 확률'도 '실전 성공 확률'도 p-value 도 아니다. CI 가 0 을 포함한다는 것은 '이 표본으로는 부호를 가릴 수 없다'는 뜻이며 동등성·무효과의 증거가 아니다 — 동등성을 주장하려면 사전에 정한 동등성 마진과 TOST 같은 절차가 따로 필요하다.,탐색 지표 — 블록 연결/경로 재구성에 민감
①손절15+모멘텀0,C-A,cum,누적수익 배수 차 (0.1442 = +14.42%p),20,752,2000,20260910,0.95,percentile (2.5 / 97.5),0.899,1.4953,-1.5816,8.874,0.7935,False,frac_resamples_gt0 = 재표집 2000회 중 차이가 양수로 나온 비율. '진짜 우위일 확률'도 '실전 성공 확률'도 p-value 도 아니다. CI 가 0 을 포함한다는 것은 '이 표본으로는 부호를 가릴 수 없다'는 뜻이며 동등성·무효과의 증거가 아니다 — 동등성을 주장하려면 사전에 정한 동등성 마진과 TOST 같은 절차가 따로 필요하다.,
①손절15+모멘텀0,C-A,cagr,연복리수익률 차 (0.05 = +5%p),20,752,2000,20260910,0.95,percentile (2.5 / 97.5),0.1453,0.1593,-0.2028,0.6391,0.7935,False,frac_resamples_gt0 = 재표집 2000회 중 차이가 양수로 나온 비율. '진짜 우위일 확률'도 '실전 성공 확률'도 p-value 도 아니다. CI 가 0 을 포함한다는 것은 '이 표본으로는 부호를 가릴 수 없다'는 뜻이며 동등성·무효과의 증거가 아니다 — 동등성을 주장하려면 사전에 정한 동등성 마진과 TOST 같은 절차가 따로 필요하다.,
①손절15+모멘텀0,C-A,sharpe,연율화 Sharpe 차 (무차원),20,752,2000,20260910,0.95,percentile (2.5 / 97.5),0.2379,0.2374,-0.3444,0.8504,0.7835,False,frac_resamples_gt0 = 재표집 2000회 중 차이가 양수로 나온 비율. '진짜 우위일 확률'도 '실전 성공 확률'도 p-value 도 아니다. CI 가 0 을 포함한다는 것은 '이 표본으로는 부호를 가릴 수 없다'는 뜻이며 동등성·무효과의 증거가 아니다 — 동등성을 주장하려면 사전에 정한 동등성 마진과 TOST 같은 절차가 따로 필요하다.,
①손절15+모멘텀0,C-A,mdd,최대낙폭 차 (-0.05 = 낙폭이 5%p 더 깊음),20,752,2000,20260910,0.95,percentile (2.5 / 97.5),0.0647,0.0248,-0.1083,0.179,0.628,False,frac_resamples_gt0 = 재표집 2000회 중 차이가 양수로 나온 비율. '진짜 우위일 확률'도 '실전 성공 확률'도 p-value 도 아니다. CI 가 0 을 포함한다는 것은 '이 표본으로는 부호를 가릴 수 없다'는 뜻이며 동등성·무효과의 증거가 아니다 — 동등성을 주장하려면 사전에 정한 동등성 마진과 TOST 같은 절차가 따로 필요하다.,탐색 지표 — 블록 연결/경로 재구성에 민감
①손절15+모멘텀0,C-A,cum,누적수익 배수 차 (0.1442 = +14.42%p),40,752,2000,20260910,0.95,percentile (2.5 / 97.5),0.899,1.3593,-1.094,7.9507,0.8155,False,frac_resamples_gt0 = 재표집 2000회 중 차이가 양수로 나온 비율. '진짜 우위일 확률'도 '실전 성공 확률'도 p-value 도 아니다. CI 가 0 을 포함한다는 것은 '이 표본으로는 부호를 가릴 수 없다'는 뜻이며 동등성·무효과의 증거가 아니다 — 동등성을 주장하려면 사전에 정한 동등성 마진과 TOST 같은 절차가 따로 필요하다.,
①손절15+모멘텀0,C-A,cagr,연복리수익률 차 (0.05 = +5%p),40,752,2000,20260910,0.95,percentile (2.5 / 97.5),0.1453,0.1486,-0.156,0.5536,0.8155,False,frac_resamples_gt0 = 재표집 2000회 중 차이가 양수로 나온 비율. '진짜 우위일 확률'도 '실전 성공 확률'도 p-value 도 아니다. CI 가 0 을 포함한다는 것은 '이 표본으로는 부호를 가릴 수 없다'는 뜻이며 동등성·무효과의 증거가 아니다 — 동등성을 주장하려면 사전에 정한 동등성 마진과 TOST 같은 절차가 따로 필요하다.,
①손절15+모멘텀0,C-A,sharpe,연율화 Sharpe 차 (무차원),40,752,2000,20260910,0.95,percentile (2.5 / 97.5),0.2379,0.2297,-0.2728,0.7899,0.8035,False,frac_resamples_gt0 = 재표집 2000회 중 차이가 양수로 나온 비율. '진짜 우위일 확률'도 '실전 성공 확률'도 p-value 도 아니다. CI 가 0 을 포함한다는 것은 '이 표본으로는 부호를 가릴 수 없다'는 뜻이며 동등성·무효과의 증거가 아니다 — 동등성을 주장하려면 사전에 정한 동등성 마진과 TOST 같은 절차가 따로 필요하다.,
①손절15+모멘텀0,C-A,mdd,최대낙폭 차 (-0.05 = 낙폭이 5%p 더 깊음),40,752,2000,20260910,0.95,percentile (2.5 / 97.5),0.0647,0.0382,-0.0889,0.1832,0.679,False,frac_resamples_gt0 = 재표집 2000회 중 차이가 양수로 나온 비율. '진짜 우위일 확률'도 '실전 성공 확률'도 p-value 도 아니다. CI 가 0 을 포함한다는 것은 '이 표본으로는 부호를 가릴 수 없다'는 뜻이며 동등성·무효과의 증거가 아니다 — 동등성을 주장하려면 사전에 정한 동등성 마진과 TOST 같은 절차가 따로 필요하다.,탐색 지표 — 블록 연결/경로 재구성에 민감
④손절25+모멘텀0+회전가드,B-A,cum,누적수익 배수 차 (0.1442 = +14.42%p),10,752,2000,20260910,0.95,percentile (2.5 / 97.5),0.4711,0.5975,-3.2783,5.4105,0.6395,False,frac_resamples_gt0 = 재표집 2000회 중 차이가 양수로 나온 비율. '진짜 우위일 확률'도 '실전 성공 확률'도 p-value 도 아니다. CI 가 0 을 포함한다는 것은 '이 표본으로는 부호를 가릴 수 없다'는 뜻이며 동등성·무효과의 증거가 아니다 — 동등성을 주장하려면 사전에 정한 동등성 마진과 TOST 같은 절차가 따로 필요하다.,
④손절25+모멘텀0+회전가드,B-A,cagr,연복리수익률 차 (0.05 = +5%p),10,752,2000,20260910,0.95,percentile (2.5 / 97.5),0.0703,0.0742,-0.3454,0.5151,0.6395,False,frac_resamples_gt0 = 재표집 2000회 중 차이가 양수로 나온 비율. '진짜 우위일 확률'도 '실전 성공 확률'도 p-value 도 아니다. CI 가 0 을 포함한다는 것은 '이 표본으로는 부호를 가릴 수 없다'는 뜻이며 동등성·무효과의 증거가 아니다 — 동등성을 주장하려면 사전에 정한 동등성 마진과 TOST 같은 절차가 따로 필요하다.,
④손절25+모멘텀0+회전가드,B-A,sharpe,연율화 Sharpe 차 (무차원),10,752,2000,20260910,0.95,percentile (2.5 / 97.5),0.0969,0.1022,-0.5031,0.7266,0.622,False,frac_resamples_gt0 = 재표집 2000회 중 차이가 양수로 나온 비율. '진짜 우위일 확률'도 '실전 성공 확률'도 p-value 도 아니다. CI 가 0 을 포함한다는 것은 '이 표본으로는 부호를 가릴 수 없다'는 뜻이며 동등성·무효과의 증거가 아니다 — 동등성을 주장하려면 사전에 정한 동등성 마진과 TOST 같은 절차가 따로 필요하다.,
④손절25+모멘텀0+회전가드,B-A,mdd,최대낙폭 차 (-0.05 = 낙폭이 5%p 더 깊음),10,752,2000,20260910,0.95,percentile (2.5 / 97.5),0.1289,-0.0001,-0.1272,0.1385,0.485,False,frac_resamples_gt0 = 재표집 2000회 중 차이가 양수로 나온 비율. '진짜 우위일 확률'도 '실전 성공 확률'도 p-value 도 아니다. CI 가 0 을 포함한다는 것은 '이 표본으로는 부호를 가릴 수 없다'는 뜻이며 동등성·무효과의 증거가 아니다 — 동등성을 주장하려면 사전에 정한 동등성 마진과 TOST 같은 절차가 따로 필요하다.,탐색 지표 — 블록 연결/경로 재구성에 민감
④손절25+모멘텀0+회전가드,B-A,cum,누적수익 배수 차 (0.1442 = +14.42%p),20,752,2000,20260910,0.95,percentile (2.5 / 97.5),0.4711,0.8816,-3.3456,8.9663,0.623,False,frac_resamples_gt0 = 재표집 2000회 중 차이가 양수로 나온 비율. '진짜 우위일 확률'도 '실전 성공 확률'도 p-value 도 아니다. CI 가 0 을 포함한다는 것은 '이 표본으로는 부호를 가릴 수 없다'는 뜻이며 동등성·무효과의 증거가 아니다 — 동등성을 주장하려면 사전에 정한 동등성 마진과 TOST 같은 절차가 따로 필요하다.,
④손절25+모멘텀0+회전가드,B-A,cagr,연복리수익률 차 (0.05 = +5%p),20,752,2000,20260910,0.95,percentile (2.5 / 97.5),0.0703,0.0853,-0.3425,0.6601,0.623,False,frac_resamples_gt0 = 재표집 2000회 중 차이가 양수로 나온 비율. '진짜 우위일 확률'도 '실전 성공 확률'도 p-value 도 아니다. CI 가 0 을 포함한다는 것은 '이 표본으로는 부호를 가릴 수 없다'는 뜻이며 동등성·무효과의 증거가 아니다 — 동등성을 주장하려면 사전에 정한 동등성 마진과 TOST 같은 절차가 따로 필요하다.,
④손절25+모멘텀0+회전가드,B-A,sharpe,연율화 Sharpe 차 (무차원),20,752,2000,20260910,0.95,percentile (2.5 / 97.5),0.0969,0.1021,-0.5309,0.7831,0.619,False,frac_resamples_gt0 = 재표집 2000회 중 차이가 양수로 나온 비율. '진짜 우위일 확률'도 '실전 성공 확률'도 p-value 도 아니다. CI 가 0 을 포함한다는 것은 '이 표본으로는 부호를 가릴 수 없다'는 뜻이며 동등성·무효과의 증거가 아니다 — 동등성을 주장하려면 사전에 정한 동등성 마진과 TOST 같은 절차가 따로 필요하다.,
④손절25+모멘텀0+회전가드,B-A,mdd,최대낙폭 차 (-0.05 = 낙폭이 5%p 더 깊음),20,752,2000,20260910,0.95,percentile (2.5 / 97.5),0.1289,-0.0039,-0.1455,0.1367,0.465,False,frac_resamples_gt0 = 재표집 2000회 중 차이가 양수로 나온 비율. '진짜 우위일 확률'도 '실전 성공 확률'도 p-value 도 아니다. CI 가 0 을 포함한다는 것은 '이 표본으로는 부호를 가릴 수 없다'는 뜻이며 동등성·무효과의 증거가 아니다 — 동등성을 주장하려면 사전에 정한 동등성 마진과 TOST 같은 절차가 따로 필요하다.,탐색 지표 — 블록 연결/경로 재구성에 민감
④손절25+모멘텀0+회전가드,B-A,cum,누적수익 배수 차 (0.1442 = +14.42%p),40,752,2000,20260910,0.95,percentile (2.5 / 97.5),0.4711,0.8992,-2.993,8.5475,0.6235,False,frac_resamples_gt0 = 재표집 2000회 중 차이가 양수로 나온 비율. '진짜 우위일 확률'도 '실전 성공 확률'도 p-value 도 아니다. CI 가 0 을 포함한다는 것은 '이 표본으로는 부호를 가릴 수 없다'는 뜻이며 동등성·무효과의 증거가 아니다 — 동등성을 주장하려면 사전에 정한 동등성 마진과 TOST 같은 절차가 따로 필요하다.,
④손절25+모멘텀0+회전가드,B-A,cagr,연복리수익률 차 (0.05 = +5%p),40,752,2000,20260910,0.95,percentile (2.5 / 97.5),0.0703,0.0809,-0.305,0.6144,0.6235,False,frac_resamples_gt0 = 재표집 2000회 중 차이가 양수로 나온 비율. '진짜 우위일 확률'도 '실전 성공 확률'도 p-value 도 아니다. CI 가 0 을 포함한다는 것은 '이 표본으로는 부호를 가릴 수 없다'는 뜻이며 동등성·무효과의 증거가 아니다 — 동등성을 주장하려면 사전에 정한 동등성 마진과 TOST 같은 절차가 따로 필요하다.,
④손절25+모멘텀0+회전가드,B-A,sharpe,연율화 Sharpe 차 (무차원),40,752,2000,20260910,0.95,percentile (2.5 / 97.5),0.0969,0.09,-0.474,0.698,0.6045,False,frac_resamples_gt0 = 재표집 2000회 중 차이가 양수로 나온 비율. '진짜 우위일 확률'도 '실전 성공 확률'도 p-value 도 아니다. CI 가 0 을 포함한다는 것은 '이 표본으로는 부호를 가릴 수 없다'는 뜻이며 동등성·무효과의 증거가 아니다 — 동등성을 주장하려면 사전에 정한 동등성 마진과 TOST 같은 절차가 따로 필요하다.,
④손절25+모멘텀0+회전가드,B-A,mdd,최대낙폭 차 (-0.05 = 낙폭이 5%p 더 깊음),40,752,2000,20260910,0.95,percentile (2.5 / 97.5),0.1289,0.0023,-0.122,0.1375,0.4975,False,frac_resamples_gt0 = 재표집 2000회 중 차이가 양수로 나온 비율. '진짜 우위일 확률'도 '실전 성공 확률'도 p-value 도 아니다. CI 가 0 을 포함한다는 것은 '이 표본으로는 부호를 가릴 수 없다'는 뜻이며 동등성·무효과의 증거가 아니다 — 동등성을 주장하려면 사전에 정한 동등성 마진과 TOST 같은 절차가 따로 필요하다.,탐색 지표 — 블록 연결/경로 재구성에 민감
④손절25+모멘텀0+회전가드,C-B,cum,누적수익 배수 차 (0.1442 = +14.42%p),10,752,2000,20260910,0.95,percentile (2.5 / 97.5),-0.0916,-0.2372,-3.3731,2.0426,0.457,False,frac_resamples_gt0 = 재표집 2000회 중 차이가 양수로 나온 비율. '진짜 우위일 확률'도 '실전 성공 확률'도 p-value 도 아니다. CI 가 0 을 포함한다는 것은 '이 표본으로는 부호를 가릴 수 없다'는 뜻이며 동등성·무효과의 증거가 아니다 — 동등성을 주장하려면 사전에 정한 동등성 마진과 TOST 같은 절차가 따로 필요하다.,
④손절25+모멘텀0+회전가드,C-B,cagr,연복리수익률 차 (0.05 = +5%p),10,752,2000,20260910,0.95,percentile (2.5 / 97.5),-0.0132,-0.0191,-0.3035,0.2184,0.457,False,frac_resamples_gt0 = 재표집 2000회 중 차이가 양수로 나온 비율. '진짜 우위일 확률'도 '실전 성공 확률'도 p-value 도 아니다. CI 가 0 을 포함한다는 것은 '이 표본으로는 부호를 가릴 수 없다'는 뜻이며 동등성·무효과의 증거가 아니다 — 동등성을 주장하려면 사전에 정한 동등성 마진과 TOST 같은 절차가 따로 필요하다.,
④손절25+모멘텀0+회전가드,C-B,sharpe,연율화 Sharpe 차 (무차원),10,752,2000,20260910,0.95,percentile (2.5 / 97.5),0.0431,0.0424,-0.3864,0.4398,0.5815,False,frac_resamples_gt0 = 재표집 2000회 중 차이가 양수로 나온 비율. '진짜 우위일 확률'도 '실전 성공 확률'도 p-value 도 아니다. CI 가 0 을 포함한다는 것은 '이 표본으로는 부호를 가릴 수 없다'는 뜻이며 동등성·무효과의 증거가 아니다 — 동등성을 주장하려면 사전에 정한 동등성 마진과 TOST 같은 절차가 따로 필요하다.,
④손절25+모멘텀0+회전가드,C-B,mdd,최대낙폭 차 (-0.05 = 낙폭이 5%p 더 깊음),10,752,2000,20260910,0.95,percentile (2.5 / 97.5),0.0274,0.0272,-0.0744,0.1256,0.721,False,frac_resamples_gt0 = 재표집 2000회 중 차이가 양수로 나온 비율. '진짜 우위일 확률'도 '실전 성공 확률'도 p-value 도 아니다. CI 가 0 을 포함한다는 것은 '이 표본으로는 부호를 가릴 수 없다'는 뜻이며 동등성·무효과의 증거가 아니다 — 동등성을 주장하려면 사전에 정한 동등성 마진과 TOST 같은 절차가 따로 필요하다.,탐색 지표 — 블록 연결/경로 재구성에 민감
④손절25+모멘텀0+회전가드,C-B,cum,누적수익 배수 차 (0.1442 = +14.42%p),20,752,2000,20260910,0.95,percentile (2.5 / 97.5),-0.0916,-0.4103,-5.2567,2.2746,0.4805,False,frac_resamples_gt0 = 재표집 2000회 중 차이가 양수로 나온 비율. '진짜 우위일 확률'도 '실전 성공 확률'도 p-value 도 아니다. CI 가 0 을 포함한다는 것은 '이 표본으로는 부호를 가릴 수 없다'는 뜻이며 동등성·무효과의 증거가 아니다 — 동등성을 주장하려면 사전에 정한 동등성 마진과 TOST 같은 절차가 따로 필요하다.,
④손절25+모멘텀0+회전가드,C-B,cagr,연복리수익률 차 (0.05 = +5%p),20,752,2000,20260910,0.95,percentile (2.5 / 97.5),-0.0132,-0.0236,-0.3883,0.2534,0.4805,False,frac_resamples_gt0 = 재표집 2000회 중 차이가 양수로 나온 비율. '진짜 우위일 확률'도 '실전 성공 확률'도 p-value 도 아니다. CI 가 0 을 포함한다는 것은 '이 표본으로는 부호를 가릴 수 없다'는 뜻이며 동등성·무효과의 증거가 아니다 — 동등성을 주장하려면 사전에 정한 동등성 마진과 TOST 같은 절차가 따로 필요하다.,
④손절25+모멘텀0+회전가드,C-B,sharpe,연율화 Sharpe 차 (무차원),20,752,2000,20260910,0.95,percentile (2.5 / 97.5),0.0431,0.0441,-0.4579,0.5198,0.5835,False,frac_resamples_gt0 = 재표집 2000회 중 차이가 양수로 나온 비율. '진짜 우위일 확률'도 '실전 성공 확률'도 p-value 도 아니다. CI 가 0 을 포함한다는 것은 '이 표본으로는 부호를 가릴 수 없다'는 뜻이며 동등성·무효과의 증거가 아니다 — 동등성을 주장하려면 사전에 정한 동등성 마진과 TOST 같은 절차가 따로 필요하다.,
④손절25+모멘텀0+회전가드,C-B,mdd,최대낙폭 차 (-0.05 = 낙폭이 5%p 더 깊음),20,752,2000,20260910,0.95,percentile (2.5 / 97.5),0.0274,0.0397,-0.0739,0.16,0.78,False,frac_resamples_gt0 = 재표집 2000회 중 차이가 양수로 나온 비율. '진짜 우위일 확률'도 '실전 성공 확률'도 p-value 도 아니다. CI 가 0 을 포함한다는 것은 '이 표본으로는 부호를 가릴 수 없다'는 뜻이며 동등성·무효과의 증거가 아니다 — 동등성을 주장하려면 사전에 정한 동등성 마진과 TOST 같은 절차가 따로 필요하다.,탐색 지표 — 블록 연결/경로 재구성에 민감
④손절25+모멘텀0+회전가드,C-B,cum,누적수익 배수 차 (0.1442 = +14.42%p),40,752,2000,20260910,0.95,percentile (2.5 / 97.5),-0.0916,-0.3514,-5.8442,2.7516,0.5135,False,frac_resamples_gt0 = 재표집 2000회 중 차이가 양수로 나온 비율. '진짜 우위일 확률'도 '실전 성공 확률'도 p-value 도 아니다. CI 가 0 을 포함한다는 것은 '이 표본으로는 부호를 가릴 수 없다'는 뜻이며 동등성·무효과의 증거가 아니다 — 동등성을 주장하려면 사전에 정한 동등성 마진과 TOST 같은 절차가 따로 필요하다.,
④손절25+모멘텀0+회전가드,C-B,cagr,연복리수익률 차 (0.05 = +5%p),40,752,2000,20260910,0.95,percentile (2.5 / 97.5),-0.0132,-0.0197,-0.4098,0.2567,0.5135,False,frac_resamples_gt0 = 재표집 2000회 중 차이가 양수로 나온 비율. '진짜 우위일 확률'도 '실전 성공 확률'도 p-value 도 아니다. CI 가 0 을 포함한다는 것은 '이 표본으로는 부호를 가릴 수 없다'는 뜻이며 동등성·무효과의 증거가 아니다 — 동등성을 주장하려면 사전에 정한 동등성 마진과 TOST 같은 절차가 따로 필요하다.,
④손절25+모멘텀0+회전가드,C-B,sharpe,연율화 Sharpe 차 (무차원),40,752,2000,20260910,0.95,percentile (2.5 / 97.5),0.0431,0.0426,-0.4753,0.4827,0.591,False,frac_resamples_gt0 = 재표집 2000회 중 차이가 양수로 나온 비율. '진짜 우위일 확률'도 '실전 성공 확률'도 p-value 도 아니다. CI 가 0 을 포함한다는 것은 '이 표본으로는 부호를 가릴 수 없다'는 뜻이며 동등성·무효과의 증거가 아니다 — 동등성을 주장하려면 사전에 정한 동등성 마진과 TOST 같은 절차가 따로 필요하다.,
④손절25+모멘텀0+회전가드,C-B,mdd,최대낙폭 차 (-0.05 = 낙폭이 5%p 더 깊음),40,752,2000,20260910,0.95,percentile (2.5 / 97.5),0.0274,0.039,-0.0834,0.1502,0.794,False,frac_resamples_gt0 = 재표집 2000회 중 차이가 양수로 나온 비율. '진짜 우위일 확률'도 '실전 성공 확률'도 p-value 도 아니다. CI 가 0 을 포함한다는 것은 '이 표본으로는 부호를 가릴 수 없다'는 뜻이며 동등성·무효과의 증거가 아니다 — 동등성을 주장하려면 사전에 정한 동등성 마진과 TOST 같은 절차가 따로 필요하다.,탐색 지표 — 블록 연결/경로 재구성에 민감
④손절25+모멘텀0+회전가드,C-A,cum,누적수익 배수 차 (0.1442 = +14.42%p),10,752,2000,20260910,0.95,percentile (2.5 / 97.5),0.3796,0.3603,-3.4478,4.1441,0.6405,False,frac_resamples_gt0 = 재표집 2000회 중 차이가 양수로 나온 비율. '진짜 우위일 확률'도 '실전 성공 확률'도 p-value 도 아니다. CI 가 0 을 포함한다는 것은 '이 표본으로는 부호를 가릴 수 없다'는 뜻이며 동등성·무효과의 증거가 아니다 — 동등성을 주장하려면 사전에 정한 동등성 마진과 TOST 같은 절차가 따로 필요하다.,
④손절25+모멘텀0+회전가드,C-A,cagr,연복리수익률 차 (0.05 = +5%p),10,752,2000,20260910,0.95,percentile (2.5 / 97.5),0.0572,0.0551,-0.3214,0.4043,0.6405,False,frac_resamples_gt0 = 재표집 2000회 중 차이가 양수로 나온 비율. '진짜 우위일 확률'도 '실전 성공 확률'도 p-value 도 아니다. CI 가 0 을 포함한다는 것은 '이 표본으로는 부호를 가릴 수 없다'는 뜻이며 동등성·무효과의 증거가 아니다 — 동등성을 주장하려면 사전에 정한 동등성 마진과 TOST 같은 절차가 따로 필요하다.,
④손절25+모멘텀0+회전가드,C-A,sharpe,연율화 Sharpe 차 (무차원),10,752,2000,20260910,0.95,percentile (2.5 / 97.5),0.1399,0.1446,-0.4219,0.6785,0.691,False,frac_resamples_gt0 = 재표집 2000회 중 차이가 양수로 나온 비율. '진짜 우위일 확률'도 '실전 성공 확률'도 p-value 도 아니다. CI 가 0 을 포함한다는 것은 '이 표본으로는 부호를 가릴 수 없다'는 뜻이며 동등성·무효과의 증거가 아니다 — 동등성을 주장하려면 사전에 정한 동등성 마진과 TOST 같은 절차가 따로 필요하다.,
④손절25+모멘텀0+회전가드,C-A,mdd,최대낙폭 차 (-0.05 = 낙폭이 5%p 더 깊음),10,752,2000,20260910,0.95,percentile (2.5 / 97.5),0.1564,0.027,-0.0925,0.1692,0.6655,False,frac_resamples_gt0 = 재표집 2000회 중 차이가 양수로 나온 비율. '진짜 우위일 확률'도 '실전 성공 확률'도 p-value 도 아니다. CI 가 0 을 포함한다는 것은 '이 표본으로는 부호를 가릴 수 없다'는 뜻이며 동등성·무효과의 증거가 아니다 — 동등성을 주장하려면 사전에 정한 동등성 마진과 TOST 같은 절차가 따로 필요하다.,탐색 지표 — 블록 연결/경로 재구성에 민감
④손절25+모멘텀0+회전가드,C-A,cum,누적수익 배수 차 (0.1442 = +14.42%p),20,752,2000,20260910,0.95,percentile (2.5 / 97.5),0.3796,0.4714,-3.6072,5.1582,0.639,False,frac_resamples_gt0 = 재표집 2000회 중 차이가 양수로 나온 비율. '진짜 우위일 확률'도 '실전 성공 확률'도 p-value 도 아니다. CI 가 0 을 포함한다는 것은 '이 표본으로는 부호를 가릴 수 없다'는 뜻이며 동등성·무효과의 증거가 아니다 — 동등성을 주장하려면 사전에 정한 동등성 마진과 TOST 같은 절차가 따로 필요하다.,
④손절25+모멘텀0+회전가드,C-A,cagr,연복리수익률 차 (0.05 = +5%p),20,752,2000,20260910,0.95,percentile (2.5 / 97.5),0.0572,0.0617,-0.3313,0.466,0.639,False,frac_resamples_gt0 = 재표집 2000회 중 차이가 양수로 나온 비율. '진짜 우위일 확률'도 '실전 성공 확률'도 p-value 도 아니다. CI 가 0 을 포함한다는 것은 '이 표본으로는 부호를 가릴 수 없다'는 뜻이며 동등성·무효과의 증거가 아니다 — 동등성을 주장하려면 사전에 정한 동등성 마진과 TOST 같은 절차가 따로 필요하다.,
④손절25+모멘텀0+회전가드,C-A,sharpe,연율화 Sharpe 차 (무차원),20,752,2000,20260910,0.95,percentile (2.5 / 97.5),0.1399,0.1462,-0.4121,0.7116,0.6855,False,frac_resamples_gt0 = 재표집 2000회 중 차이가 양수로 나온 비율. '진짜 우위일 확률'도 '실전 성공 확률'도 p-value 도 아니다. CI 가 0 을 포함한다는 것은 '이 표본으로는 부호를 가릴 수 없다'는 뜻이며 동등성·무효과의 증거가 아니다 — 동등성을 주장하려면 사전에 정한 동등성 마진과 TOST 같은 절차가 따로 필요하다.,
④손절25+모멘텀0+회전가드,C-A,mdd,최대낙폭 차 (-0.05 = 낙폭이 5%p 더 깊음),20,752,2000,20260910,0.95,percentile (2.5 / 97.5),0.1564,0.0358,-0.0855,0.1679,0.711,False,frac_resamples_gt0 = 재표집 2000회 중 차이가 양수로 나온 비율. '진짜 우위일 확률'도 '실전 성공 확률'도 p-value 도 아니다. CI 가 0 을 포함한다는 것은 '이 표본으로는 부호를 가릴 수 없다'는 뜻이며 동등성·무효과의 증거가 아니다 — 동등성을 주장하려면 사전에 정한 동등성 마진과 TOST 같은 절차가 따로 필요하다.,탐색 지표 — 블록 연결/경로 재구성에 민감
④손절25+모멘텀0+회전가드,C-A,cum,누적수익 배수 차 (0.1442 = +14.42%p),40,752,2000,20260910,0.95,percentile (2.5 / 97.5),0.3796,0.5478,-1.9853,4.803,0.656,False,frac_resamples_gt0 = 재표집 2000회 중 차이가 양수로 나온 비율. '진짜 우위일 확률'도 '실전 성공 확률'도 p-value 도 아니다. CI 가 0 을 포함한다는 것은 '이 표본으로는 부호를 가릴 수 없다'는 뜻이며 동등성·무효과의 증거가 아니다 — 동등성을 주장하려면 사전에 정한 동등성 마진과 TOST 같은 절차가 따로 필요하다.,
④손절25+모멘텀0+회전가드,C-A,cagr,연복리수익률 차 (0.05 = +5%p),40,752,2000,20260910,0.95,percentile (2.5 / 97.5),0.0572,0.0613,-0.2232,0.406,0.656,False,frac_resamples_gt0 = 재표집 2000회 중 차이가 양수로 나온 비율. '진짜 우위일 확률'도 '실전 성공 확률'도 p-value 도 아니다. CI 가 0 을 포함한다는 것은 '이 표본으로는 부호를 가릴 수 없다'는 뜻이며 동등성·무효과의 증거가 아니다 — 동등성을 주장하려면 사전에 정한 동등성 마진과 TOST 같은 절차가 따로 필요하다.,
④손절25+모멘텀0+회전가드,C-A,sharpe,연율화 Sharpe 차 (무차원),40,752,2000,20260910,0.95,percentile (2.5 / 97.5),0.1399,0.1327,-0.3578,0.6063,0.7135,False,frac_resamples_gt0 = 재표집 2000회 중 차이가 양수로 나온 비율. '진짜 우위일 확률'도 '실전 성공 확률'도 p-value 도 아니다. CI 가 0 을 포함한다는 것은 '이 표본으로는 부호를 가릴 수 없다'는 뜻이며 동등성·무효과의 증거가 아니다 — 동등성을 주장하려면 사전에 정한 동등성 마진과 TOST 같은 절차가 따로 필요하다.,
④손절25+모멘텀0+회전가드,C-A,mdd,최대낙폭 차 (-0.05 = 낙폭이 5%p 더 깊음),40,752,2000,20260910,0.95,percentile (2.5 / 97.5),0.1564,0.0413,-0.0882,0.1801,0.7265,False,frac_resamples_gt0 = 재표집 2000회 중 차이가 양수로 나온 비율. '진짜 우위일 확률'도 '실전 성공 확률'도 p-value 도 아니다. CI 가 0 을 포함한다는 것은 '이 표본으로는 부호를 가릴 수 없다'는 뜻이며 동등성·무효과의 증거가 아니다 — 동등성을 주장하려면 사전에 정한 동등성 마진과 TOST 같은 절차가 따로 필요하다.,탐색 지표 — 블록 연결/경로 재구성에 민감
