sym,entry,exit,entry_px,exit_px,pnl,why
COST,2015-01-07,2015-01-14,114.48612525192645,112.35060512978328,-0.021104496152838714,20일선 하향 이탈
CSCO,2015-01-12,2015-01-16,19.81663488545504,19.353999968145345,-0.025785468716596815,20일선 하향 이탈
INTC,2015-01-23,2015-01-26,28.370975414261085,27.766032384678336,-0.02376733906807238,20일선 하향 이탈
CSCO,2015-01-21,2015-01-28,19.8590966052743,19.375227076668917,-0.026802269313154548,20일선 하향 이탈
SBUX,2015-01-26,2015-03-09,34.71330448718042,36.52241916114959,0.049487701560588127,20일선 하향 이탈
AMZN,2015-02-02,2015-03-10,17.511251784324646,18.872499465942383,0.07504341692419114,20일선 하향 이탈
BIIB,2015-01-21,2015-03-13,361.5907086639404,407.0899963378906,0.12301858314864722,20일선 하향 이탈
AMZN,2015-03-23,2015-03-24,18.91295135307312,18.699499130249023,-0.013755842551719466,20일선 하향 이탈
BIIB,2015-03-16,2015-04-01,415.66772145080563,423.20001220703125,0.015577675580707329,20일선 하향 이탈
BIIB,2015-04-16,2015-04-17,428.3540846557617,424.0,-0.012637294849451308,20일선 하향 이탈
AMZN,2015-04-07,2015-04-20,18.816904589653014,18.927499771118164,0.0033647552003834846,20일선 하향 이탈
AAPL,2015-04-21,2015-05-01,28.447606845708417,27.989466188829397,-0.018562487884393297,20일선 하향 이탈
SBUX,2015-04-22,2015-05-07,38.3639666177098,38.657127606459504,0.005124482215805415,20일선 하향 이탈
AMZN,2015-04-21,2015-05-20,19.575283009529112,21.030000686645508,0.07163036795961442,20일선 하향 이탈
AMZN,2015-05-22,2015-05-27,21.58828813934326,21.372499465942383,-0.012468667548609091,20일선 하향 이탈
AMZN,2015-05-28,2015-06-08,21.496243085861206,21.2810001373291,-0.012486037511000636,20일선 하향 이탈
MDLZ,2015-06-01,2015-06-08,32.19657402965361,30.996922775236975,-0.03966513896265578,20일선 하향 이탈
REGN,2015-05-07,2015-06-12,475.76037046679033,494.77095691534885,0.0373605063686977,20일선 하향 이탈
GILD,2015-06-11,2015-06-30,80.62680705085579,80.33731183965088,-0.006079589088029191,20일선 하향 이탈
AMZN,2015-07-06,2015-07-09,21.772380154609678,21.7450008392334,-0.003752384340390269,20일선 하향 이탈
REGN,2015-07-08,2015-07-09,510.9758036387181,500.42759913031426,-0.023089689995550167,20일선 하향 이탈
MDLZ,2015-06-17,2015-08-21,31.484537247165612,33.85122845027067,0.07248417849038313,20일선 하향 이탈
AMZN,2015-07-13,2015-08-21,22.42570653247833,25.368000030517578,0.1283760766738642,20일선 하향 이탈
REGN,2015-07-13,2015-08-21,527.5676038515679,532.722841508538,0.007249299814088506,20일선 하향 이탈
GOOG,2015-09-17,2015-09-21,31.6060811801625,31.422378162754708,-0.00829574955132717,QQQ ≤ 200일선 — 전량 현금화
AMZN,2015-10-12,2015-10-14,27.01149819087982,27.566999435424805,0.018015989440234303,QQQ ≤ 200일선 — 전량 현금화
GOOG,2015-10-12,2015-10-14,31.819171056922436,32.354053056751376,0.014270062482264922,QQQ ≤ 200일선 — 전량 현금화
INTC,2015-10-19,2015-11-10,25.816664585727093,26.214716974008997,0.012881912420140251,20일선 하향 이탈
AMZN,2015-10-30,2015-12-10,31.31615112018585,33.27949905395508,0.060039808892119906,20일선 하향 이탈
MSFT,2015-10-26,2015-12-14,45.42254221321857,47.272031451457416,0.03811771855282098,20일선 하향 이탈
INTC,2015-11-20,2015-12-21,27.263658334498505,26.957612562770837,-0.013695370474761548,20일선 하향 이탈
MSFT,2015-12-15,2015-12-21,48.453458656064846,47.75056944515799,-0.01696824499345062,20일선 하향 이탈
AMZN,2015-12-17,2015-12-21,34.016999999999996,33.42499923706055,-0.019857613185940037,20일선 하향 이탈
AMZN,2015-12-29,2016-01-04,33.915947759628295,31.880990894050594,-0.06234812047000016,손절 (장중)
MSFT,2015-12-23,2016-01-05,48.48826921030137,47.794077147931255,-0.01677893858108337,20일선 하향 이탈
QCOM,2016-03-22,2016-03-24,38.89057724549854,37.96384642072239,-0.026267661846939516,20일선 하향 이탈
KHC,2016-03-17,2016-03-28,47.93480826696746,47.31798480654823,-0.015333821844688456,20일선 하향 이탈
CMCSA,2016-03-28,2016-03-29,21.342529712414088,21.41780807481002,0.0010203414220146811,QQQ ≤ 200일선 — 전량 현금화
KHC,2016-03-30,2016-04-08,48.76274689587463,48.15168867789659,-0.014997948370975456,20일선 하향 이탈
META,2016-04-04,2016-04-11,113.13355499391602,109.73634262285753,-0.03245132542680185,20일선 하향 이탈
AAPL,2016-04-12,2016-04-19,24.731618641875855,24.389192283203197,-0.01630910532106189,20일선 하향 이탈
CMCSA,2016-04-01,2016-04-22,21.707981040787807,21.89829955990628,0.006247313170850255,20일선 하향 이탈
BKNG,2016-04-14,2016-04-29,51.720250635623174,52.0620917696949,0.004094914471549638,QQQ ≤ 200일선 — 전량 현금화
CSCO,2016-04-19,2016-04-29,20.872598442077635,20.41296259898887,-0.024464008891108224,QQQ ≤ 200일선 — 전량 현금화
AMZN,2016-05-11,2016-05-12,35.307145940780636,35.86899948120117,0.01337555753087738,QQQ ≤ 200일선 — 전량 현금화
META,2016-05-27,2016-06-06,118.57846751268998,117.58740209465904,-0.010835009375708027,20일선 하향 이탈
AMZN,2016-05-25,2016-06-16,35.41770152664184,35.602500915527344,0.0027066782898139685,20일선 하향 이탈
KHC,2016-05-25,2016-06-20,51.98460158674041,53.15874331591961,0.020031915798355948,QQQ ≤ 200일선 — 전량 현금화
AMZN,2016-06-17,2016-06-20,35.92745487213134,35.67499923706055,-0.009507264074734567,QQQ ≤ 200일선 — 전량 현금화
KHC,2016-06-21,2016-06-27,53.216403193818735,51.75343420615827,-0.029920268876216016,QQQ ≤ 200일선 — 전량 현금화
AMZN,2016-06-24,2016-06-27,34.667326526641844,34.60049819946289,-0.0044208886100194356,QQQ ≤ 200일선 — 전량 현금화
MDLZ,2016-06-24,2016-06-27,33.627151107985824,32.91095173606509,-0.023743044519263345,QQQ ≤ 200일선 — 전량 현금화
KHC,2016-07-01,2016-07-22,55.10766442100975,54.73191164784646,-0.009299488940601508,20일선 하향 이탈
AMZN,2016-07-05,2016-07-27,36.15806938934326,36.89849853515625,0.01792840959075037,20일선 하향 이탈
AMZN,2016-07-29,2016-08-22,38.269124999999995,37.875,-0.012771046344474568,20일선 하향 이탈
BIIB,2016-08-22,2016-08-25,316.3080688934326,309.0299987792969,-0.0254499584337623,20일선 하향 이탈
TXN,2016-07-27,2016-08-26,53.74565462150983,53.25346960800977,-0.011632795462451773,20일선 하향 이탈
COST,2016-08-25,2016-08-26,141.3155921839782,139.71598548257307,-0.013789117484372615,20일선 하향 이탈
TXN,2016-08-30,2016-08-31,53.287714684466025,52.77412211144054,-0.012112029203516728,20일선 하향 이탈
BIIB,2016-09-08,2016-09-09,311.50568110656735,304.6199951171875,-0.024547311183312104,20일선 하향 이탈
QCOM,2016-08-08,2016-09-12,46.99701671750095,45.982765365478464,-0.024025276533699014,20일선 하향 이탈
BIIB,2016-09-21,2016-09-30,309.1545,306.5899963378906,-0.010772496037600443,20일선 하향 이탈
CHTR,2016-08-26,2016-10-03,252.85636072540282,269.67999267578125,0.0638701401360946,20일선 하향 이탈
BIIB,2016-10-03,2016-10-07,313.1565,307.30999755859375,-0.02112095060764363,20일선 하향 이탈
QCOM,2016-09-30,2016-10-13,52.24627476803649,49.1114982819543,-0.06234812047000016,손절 (장중)
QCOM,2016-10-14,2016-10-18,50.3672555498016,50.52530338715913,0.0006320694643027203,20일선 하향 이탈
AAPL,2016-10-21,2016-10-27,26.726127402235182,26.388032733760703,-0.015116742555213558,20일선 하향 이탈
ADBE,2016-10-21,2016-10-27,108.56425713729858,108.47000122070312,-0.0033640356735262777,20일선 하향 이탈
ADBE,2016-11-08,2016-11-10,108.73434030532836,108.08000183105469,-0.0085007401552456,20일선 하향 이탈
NFLX,2016-10-19,2016-11-11,11.830912309169769,11.489999771118164,-0.031241425307360515,20일선 하향 이탈
QCOM,2016-11-08,2016-11-11,52.10878287701334,50.28865101125465,-0.03734021087618722,20일선 하향 이탈
BKNG,2016-11-10,2016-11-14,61.94076593922853,58.22431998287481,-0.062348120469999935,손절 (장중)
QCOM,2016-11-23,2016-11-30,52.19281933732488,51.397553170135424,-0.01769701833383608,20일선 하향 이탈
BKNG,2016-11-22,2016-12-01,59.82230997957603,58.676468456001565,-0.021604237140910088,20일선 하향 이탈
MSFT,2016-11-18,2016-12-02,54.362413223935,52.81551855059246,-0.030882143847700383,20일선 하향 이탈
QCOM,2016-12-01,2016-12-02,52.13147767765374,49.204692459238835,-0.05850013658998354,20일선 하향 이탈
CMCSA,2016-12-02,2017-01-03,25.385201522092316,25.370498989003124,-0.0030757310388502823,20일선 하향 이탈
NFLX,2016-12-05,2017-01-03,12.079036454200743,12.496000289916992,0.031935396685542905,20일선 하향 이탈
MSFT,2016-12-06,2017-01-03,54.049380013869076,56.1321290244601,0.035939929814614135,20일선 하향 이탈
NVDA,2017-01-05,2017-01-06,2.569541478827003,2.526981196193388,-0.01902000155588357,20일선 하향 이탈
NVDA,2017-01-09,2017-01-13,2.544222386324619,2.54540827504514,-0.0020330543631124076,20일선 하향 이탈
CHTR,2017-01-06,2017-02-24,296.26805511474606,324.3800048828125,0.09215184655363928,20일선 하향 이탈
CMCSA,2017-01-23,2017-02-24,26.796802557748265,27.47165903969971,0.02262330599436213,20일선 하향 이탈
NFLX,2017-01-04,2017-03-01,12.75537409543991,14.284000396728516,0.11704438066534695,20일선 하향 이탈
AMGN,2017-02-28,2017-03-20,132.06533072272572,127.61340559610953,-0.03612381426294364,20일선 하향 이탈
BKNG,2017-03-23,2017-04-06,68.5283497739545,68.9551764755573,0.0037149097728024216,20일선 하향 이탈
AAPL,2017-02-27,2017-04-12,31.675465751916107,32.689245867635556,0.029427266216001335,20일선 하향 이탈
BKNG,2017-04-18,2017-04-19,69.13977648238365,69.03918250351963,-0.003949302487938677,20일선 하향 이탈
ADBE,2017-03-10,2017-05-18,120.63028469467163,132.77000427246094,0.0978863646937349,20일선 하향 이탈
AMZN,2017-04-06,2017-06-12,45.712843626022334,48.349998474121094,0.05504747305422386,20일선 하향 이탈
AAPL,2017-04-25,2017-06-12,33.23915450523238,33.78388219772866,0.013849195165356987,20일선 하향 이탈
PYPL,2017-05-19,2017-06-19,48.63223271798117,51.70340826868981,0.060495277444129636,20일선 하향 이탈
NVDA,2017-06-13,2017-06-28,3.804231710892389,3.6772274679333052,-0.035799596176713355,20일선 하향 이탈
TSLA,2017-06-15,2017-06-28,24.845748727798462,24.44533348083496,-0.018573789314103806,20일선 하향 이탈
TSLA,2017-06-29,2017-06-30,24.719686277389524,24.247333526611328,-0.02155863128970148,20일선 하향 이탈
REGN,2017-06-20,2017-07-03,473.6888527490141,489.5799876615825,0.030965820228773477,20일선 하향 이탈
REGN,2017-07-06,2017-07-07,487.40636386634355,492.8589965614217,0.00866109059748732,20일선 하향 이탈
REGN,2017-07-11,2017-07-12,494.10644809352186,491.5612791640661,-0.007636187030439334,20일선 하향 이탈
REGN,2017-07-13,2017-07-18,491.6286014876918,492.98779094446576,0.000259760534912834,20일선 하향 이탈
REGN,2017-07-20,2017-08-01,505.9507396907885,482.0509799451338,-0.04961732707402566,20일선 하향 이탈
PYPL,2017-07-06,2017-08-11,53.64882265050764,57.211976347697345,0.06375234315854672,20일선 하향 이탈
NVDA,2017-07-11,2017-08-11,3.7906806115371356,3.8698066224747025,0.018323683575007355,20일선 하향 이탈
NVDA,2017-08-15,2017-08-17,4.154349903476303,4.058693311614248,-0.025466128814832345,20일선 하향 이탈
TSLA,2017-08-07,2017-08-21,23.83524540710449,23.05466651916504,-0.03516512803270033,20일선 하향 이탈
CHTR,2017-08-21,2017-08-25,392.946375,391.4200134277344,-0.0063726989758284835,20일선 하향 이탈
NVDA,2017-08-24,2017-08-28,4.120769275045916,4.0565971129000955,-0.01803195927811685,20일선 하향 이탈
BIIB,2017-08-29,2017-09-27,289.5046653442383,318.57000732421875,0.0976480082239275,20일선 하향 이탈
GILD,2017-08-31,2017-09-29,58.526619775343434,58.64645747699235,-0.0004555393520789819,20일선 하향 이탈
NFLX,2017-09-28,2017-09-29,18.1340625,18.072999954223633,-0.0058568734225170616,20일선 하향 이탈
AMAT,2017-10-02,2017-11-10,47.45027196297588,50.551385398301086,0.06269376183229736,20일선 하향 이탈
INTC,2017-11-10,2017-11-20,38.66972911656774,37.55065424239768,-0.0313650096587631,20일선 하향 이탈
NVDA,2017-10-04,2017-11-29,4.429519484079688,5.179958749819488,0.16649655314610268,20일선 하향 이탈
MU,2017-11-21,2017-11-29,47.18121112378799,44.35033845636071,-0.062348120469999935,손절 (장중)
AMAT,2017-11-29,2017-11-29,51.76438471850795,48.65852163539747,-0.062348120469999935,손절 (장중)
PYPL,2017-08-15,2017-11-30,58.6753059434832,72.95640050020658,0.24028591253321885,20일선 하향 이탈
PYPL,2017-12-01,2017-12-04,74.42760390229655,74.75632030772424,0.0019075594601594137,20일선 하향 이탈
INTC,2017-12-18,2018-01-05,37.922200498481565,37.298806607280866,-0.01889569485251208,20일선 하향 이탈
TXN,2017-12-08,2018-01-25,77.7718519183131,87.11566090085442,0.11734572075818317,20일선 하향 이탈
CSCO,2017-12-14,2018-02-05,29.65936008386362,31.953119905603405,0.07464560617555382,20일선 하향 이탈
NFLX,2018-01-25,2018-02-06,26.313149236679077,24.73436028247833,-0.062348120469999935,손절 (장중)
NFLX,2018-02-07,2018-02-08,26.671329946517943,25.071050149726865,-0.062348120469999824,손절 (장중)
AMZN,2018-01-05,2018-02-09,60.90593747520447,68.67449951171875,0.12473353858956027,20일선 하향 이탈
CSCO,2018-02-14,2018-03-20,32.10206966379045,34.783319844480324,0.08081601770533209,20일선 하향 이탈
NFLX,2018-02-13,2018-03-23,25.74186459159851,30.740999221801758,0.1912193882172477,20일선 하향 이탈
AMZN,2018-02-13,2018-03-23,69.3311494102478,76.95050048828125,0.10712542273589776,20일선 하향 이탈
NFLX,2018-03-27,2018-03-27,32.26512504959106,30.3292175466156,-0.062348120470000046,손절 (장중)
ADBE,2018-03-27,2018-03-27,230.01494389343262,216.21404725982666,-0.062348120469999935,손절 (장중)
AMZN,2018-03-27,2018-03-28,78.65931274795531,72.3499984741211,-0.08250828006841782,20일선 하향 이탈
ADBE,2018-04-05,2018-04-09,228.05397244262693,220.0800018310547,-0.03737593550724305,20일선 하향 이탈
INTC,2018-04-11,2018-04-24,43.11785746131171,43.84007480025653,0.014210001290613894,20일선 하향 이탈
ADBE,2018-04-11,2018-04-25,223.04145767211912,218.16000366210938,-0.024329189133146523,20일선 하향 이탈
INTC,2018-04-27,2018-04-30,46.880828812457324,44.06797908370988,-0.062348120469999935,손절 (장중)
ADBE,2018-05-02,2018-05-03,224.41215305328367,220.00999450683594,-0.022065398666511027,20일선 하향 이탈
NFLX,2018-04-12,2018-05-04,30.987486122131347,30.871000289916992,-0.006247735153830147,20일선 하향 이탈
BKNG,2018-05-01,2018-05-11,84.8477888701164,81.75452794373246,-0.03886352045204611,20일선 하향 이탈
MU,2018-05-11,2018-06-15,51.10322944499731,57.07477841899919,0.11406277474592064,20일선 하향 이탈
CSX,2018-06-18,2018-06-20,19.74759064727652,19.42689579125688,-0.018697129083469877,20일선 하향 이탈
ADBE,2018-05-04,2018-06-22,224.00194438934324,248.11000061035156,0.10485747067714324,20일선 하향 이탈
ADP,2018-06-20,2018-06-27,115.76817350332256,113.239707382223,-0.024284212851293896,20일선 하향 이탈
META,2018-06-27,2018-07-02,197.54482179324216,191.68666566115917,-0.032078742744167665,20일선 하향 이탈
TSLA,2018-06-27,2018-07-03,23.011499999999998,22.116666793823242,-0.04128721078095987,20일선 하향 이탈
META,2018-07-03,2018-07-05,192.95283812845952,193.04476250150682,-0.002022782064205697,20일선 하향 이탈
NFLX,2018-05-07,2018-07-16,32.215100812911984,39.89799880981445,0.23539373103209904,20일선 하향 이탈
META,2018-07-06,2018-07-26,196.82081905459887,173.36754741586827,-0.12136085996183699,손절 (시가 갭)
BIIB,2018-07-09,2018-07-30,358.1089576721191,340.5199890136719,-0.051491556874560196,20일선 하향 이탈
AMZN,2018-07-16,2018-07-31,91.14305241394042,89.32450103759766,-0.022400873906705532,20일선 하향 이탈
GILD,2018-08-06,2018-08-09,57.492912260044086,56.86620934036803,-0.013371295848856657,20일선 하향 이탈
GILD,2018-08-10,2018-08-13,57.25656309499344,56.7480879309283,-0.011356460830732162,20일선 하향 이탈
TSLA,2018-08-03,2018-08-17,23.198925819396973,21.566667556762695,-0.07268146043057733,손절 (시가 갭)
PEP,2018-08-20,2018-08-22,88.85802344668632,87.81725730630808,-0.014181428352320946,20일선 하향 이탈
AAPL,2018-08-20,2018-09-11,51.54933691939215,51.5023121086548,-0.0034079509579459932,20일선 하향 이탈
AMZN,2018-08-22,2018-09-18,93.87891673278808,95.93250274658203,0.01932219327934792,20일선 하향 이탈
BIIB,2018-09-24,2018-09-26,343.16148522949214,342.20001220703125,-0.005292810825898497,20일선 하향 이탈
QCOM,2018-07-27,2018-09-27,51.545753544719666,59.357400517985546,0.14867126058104319,20일선 하향 이탈
AAPL,2018-09-26,2018-09-27,52.234766802346684,52.87485312376238,0.00972541743696076,20일선 하향 이탈
ILMN,2018-09-11,2018-10-05,339.4400514678955,324.9027099609375,-0.04521843716590257,20일선 하향 이탈
BIIB,2018-09-27,2018-10-05,351.5657096557617,344.2900085449219,-0.02314144269728724,20일선 하향 이탈
CSX,2018-10-09,2018-10-10,22.522978769546953,21.171600043374134,-0.062348120469999935,손절 (장중)
AAPL,2018-09-28,2018-10-11,53.13054912782452,50.677831437884706,-0.048546664405916595,20일선 하향 이탈
SBUX,2018-10-10,2018-10-11,48.43704631883271,46.75905768848393,-0.03705413348328601,20일선 하향 이탈
TMUS,2018-10-17,2018-10-19,65.6003860925921,66.10956229359633,0.00524439720300518,20일선 하향 이탈
TMUS,2018-10-22,2018-10-24,66.44703855238295,62.46021623923997,-0.062348120470000046,손절 (장중)
SBUX,2018-10-15,2018-10-25,47.345175460415156,48.93331910298872,0.03096214498588723,QQQ ≤ 200일선 — 전량 현금화
SBUX,2018-11-02,2018-11-05,52.06541973970709,53.66798291919551,0.028204911026624035,QQQ ≤ 200일선 — 전량 현금화
SBUX,2018-11-08,2018-11-12,56.92844219570384,57.45404455886561,0.006711621052499783,QQQ ≤ 200일선 — 전량 현금화
AVGO,2018-11-08,2018-11-12,19.01853141599906,18.86934012063843,-0.01032292726090811,QQQ ≤ 200일선 — 전량 현금화
SBUX,2018-12-04,2018-12-06,56.97233077238019,55.81290157608527,-0.022797906189369166,QQQ ≤ 200일선 — 전량 현금화
META,2019-02-15,2019-02-22,163.15945493128606,159.18213427165955,-0.02681400052770877,20일선 하향 이탈
META,2019-02-25,2019-02-28,161.73128102001985,160.9565451403324,-0.007276300555491222,20일선 하향 이탈
NFLX,2019-02-15,2019-03-05,35.86492362213134,35.145999908447266,-0.02249324291131538,20일선 하향 이탈
INTU,2019-02-25,2019-03-08,234.26025337191783,230.08756198301518,-0.0202657094639217,QQQ ≤ 200일선 — 전량 현금화
PYPL,2019-02-28,2019-03-08,96.63121292327772,93.99181085386049,-0.029743946836392254,QQQ ≤ 200일선 — 전량 현금화
META,2019-03-05,2019-03-08,165.99596994336926,164.75319990787847,-0.009966046837171061,QQQ ≤ 200일선 — 전량 현금화
NFLX,2019-03-12,2019-03-13,35.95496877479553,35.58100128173828,-0.012873014991296228,20일선 하향 이탈
META,2019-03-12,2019-03-18,170.6772151400519,162.1460942050335,-0.05235708792226834,20일선 하향 이탈
NFLX,2019-03-14,2019-03-27,36.06802423667907,36.099998474121094,-0.0016137168039589422,20일선 하향 이탈
ASML,2019-03-18,2019-03-28,176.88839536080212,170.36939325192543,-0.03925969775597604,20일선 하향 이탈
NFLX,2019-04-02,2019-04-09,36.6433125,36.05400085449219,-0.018540205874382543,20일선 하향 이탈
INTU,2019-03-12,2019-04-17,236.78197776742803,246.54584039459968,0.03863465911066255,20일선 하향 이탈
CSCO,2019-04-11,2019-05-01,45.37709134138161,45.41119250534867,-0.0017483715961436053,20일선 하향 이탈
AVGO,2019-04-10,2019-05-07,25.29753738204708,25.705478084697383,0.013587425540714015,20일선 하향 이탈
AAPL,2019-05-07,2019-05-08,49.040264974284334,48.06819897946514,-0.022270278932560728,20일선 하향 이탈
MSFT,2019-05-07,2019-05-14,118.13714615257312,115.65977725915673,-0.023415895549626975,20일선 하향 이탈
PYPL,2019-05-10,2019-05-14,108.06942861799082,106.37373146965587,-0.018149617406291174,20일선 하향 이탈
CMCSA,2019-05-15,2019-05-16,32.55291734593322,32.39965462785609,-0.007194349712149384,20일선 하향 이탈
QCOM,2019-04-17,2019-05-17,66.31651568534393,67.68775198997164,0.018127494393957777,20일선 하향 이탈
MSFT,2019-05-16,2019-05-21,118.84635256650616,119.42424539109133,0.0023523734119621498,20일선 하향 이탈
PYPL,2019-05-16,2019-05-24,110.02857901166925,109.61755278423125,-0.006224300406798444,20일선 하향 이탈
MSFT,2019-05-23,2019-05-24,118.3306455834822,118.93692628093338,0.0026128159329177336,20일선 하향 이탈
PYPL,2019-05-29,2019-05-30,109.58330935229435,109.41976243798064,-0.003986716026152859,20일선 하향 이탈
PYPL,2019-05-31,2019-06-03,109.16774295711468,109.864792622032,0.0038711742733483767,20일선 하향 이탈
CHTR,2019-06-05,2019-06-27,389.254527557373,389.75,-0.0012283049223559273,20일선 하향 이탈
PYPL,2019-06-06,2019-06-28,109.93952127179728,112.98005698547615,0.025089353154630345,20일선 하향 이탈
ILMN,2019-07-01,2019-07-12,361.35762098693846,301.79962158203125,-0.1669036198705185,손절 (시가 갭)
MSFT,2019-06-28,2019-07-18,126.17872634438243,127.03414156837758,0.004264457967119384,20일선 하향 이탈
QCOM,2019-07-15,2019-07-19,63.80663849500859,63.155240996766366,-0.01268142846755771,20일선 하향 이탈
ADBE,2019-07-19,2019-07-31,311.71577755737303,303.6099853515625,-0.028436834896469643,20일선 하향 이탈
COST,2019-06-06,2019-08-01,224.86592100404664,249.90236245305437,0.1085632945785926,20일선 하향 이탈
MU,2019-07-31,2019-08-01,45.57143037712515,42.837144554497634,-0.06234812047000016,손절 (장중)
INTU,2019-08-14,2019-08-15,261.5491958908629,256.36909696813757,-0.022253974191398407,20일선 하향 이탈
SBUX,2019-07-19,2019-08-26,77.95027325377852,81.60319604886602,0.04424715689356007,20일선 하향 이탈
TXN,2019-08-19,2019-08-26,103.33085329051566,100.73732163974643,-0.027534598234611907,20일선 하향 이탈
SBUX,2019-08-27,2019-09-05,82.7738822334077,82.59563728366582,-0.0046460173498917845,20일선 하향 이탈
AMGN,2019-08-12,2019-09-10,159.11403623637173,162.51623344123237,0.018830718165022686,20일선 하향 이탈
COST,2019-08-28,2019-09-17,266.34819261434217,262.99834685290773,-0.015043525259335166,20일선 하향 이탈
NVDA,2019-09-06,2019-09-23,4.438678245306491,4.2851032652130385,-0.03701083095315982,20일선 하향 이탈
NVDA,2019-09-24,2019-09-25,4.371650831304989,4.280389417695528,-0.023321585471780204,20일선 하향 이탈
MU,2019-09-24,2019-09-27,48.52757530627896,44.758806879404005,-0.079966409290946,20일선 하향 이탈
GOOG,2019-09-26,2019-10-01,61.546100004404934,60.37812255094945,-0.021427873312564683,20일선 하향 이탈
ASML,2019-09-10,2019-10-03,225.4905755534843,226.16645866432705,0.0004919016404292265,20일선 하향 이탈
AAPL,2019-10-01,2019-10-03,54.02222396830014,52.402261102678956,-0.03241006407074609,20일선 하향 이탈
NVDA,2019-10-04,2019-10-09,4.503221918584489,4.4741742246574345,-0.008932312043369084,20일선 하향 이탈
TXN,2019-10-04,2019-10-09,106.42542278330083,104.26634047273988,-0.022734602484235533,20일선 하향 이탈
ASML,2019-10-11,2019-11-22,242.70735640288848,254.4543295346977,0.04578083768898966,20일선 하향 이탈
INTC,2019-11-22,2019-12-03,51.48696371214131,50.15574623448645,-0.028288841520538344,20일선 하향 이탈
AAPL,2019-10-07,2019-12-04,54.31025606085921,62.81980385633866,0.15379459608285773,20일선 하향 이탈
BIIB,2019-12-03,2019-12-04,291.9258887786865,290.1499938964844,-0.008566180007167468,20일선 하향 이탈
BIIB,2019-12-06,2019-12-12,299.8298326721191,291.94000244140625,-0.028746627465209285,20일선 하향 이탈
VRTX,2019-12-04,2019-12-18,222.111,217.8300018310547,-0.021723992159029648,20일선 하향 이탈
AMGN,2019-10-11,2020-01-06,162.12784745909374,193.24239688118845,0.18893626417752185,20일선 하향 이탈
MU,2020-01-08,2020-01-27,56.67404411950842,53.273601472337916,-0.062348120469999935,손절 (장중)
NVDA,2019-12-19,2020-01-28,5.7362803131455,6.030139760177138,0.048602254366256536,20일선 하향 이탈
AMD,2020-01-28,2020-01-29,50.05501377868652,47.05171295196533,-0.062348120470000046,손절 (장중)
AAPL,2020-01-30,2020-02-03,77.16831150266016,73.22203723286214,-0.053508789748164864,20일선 하향 이탈
ADBE,2020-01-28,2020-02-25,349.17449999999997,361.0,0.03128442030990253,20일선 하향 이탈
NVDA,2020-02-25,2020-02-25,6.864158239036767,6.452308744694561,-0.062348120469999824,손절 (장중)
NFLX,2020-02-04,2020-02-26,36.11804847335815,36.63100051879883,0.011668620139875241,20일선 하향 이탈
TSLA,2019-12-12,2020-02-27,23.6731637506485,48.66666793823242,1.0506383975001885,20일선 하향 이탈
NVDA,2020-02-27,2020-02-28,6.3363031902259825,6.02405771475287,-0.05165371113577033,20일선 하향 이탈
NFLX,2020-02-27,2020-03-02,37.16457290840149,37.31100082397461,0.0014321439127127356,20일선 하향 이탈
NVDA,2020-03-02,2020-03-04,6.883178095329017,6.7132732703781945,-0.027120406061197477,20일선 하향 이탈
NFLX,2020-03-03,2020-03-04,38.12205214118957,37.777000427246094,-0.011526627115240107,20일선 하향 이탈
NVDA,2020-03-05,2020-03-06,6.8732347031151315,6.610909007237286,-0.04056892597556738,20일선 하향 이탈
REGN,2020-02-26,2020-03-10,440.0889846908105,483.8837264751786,0.09676679370561958,QQQ ≤ 200일선 — 전량 현금화
GILD,2020-04-09,2020-04-13,58.51051880027973,59.60575810306371,0.0161739138302619,20일선 하향 이탈
REGN,2020-04-15,2020-04-30,520.6494105060161,509.1849455207488,-0.02446254423181282,20일선 하향 이탈
AMZN,2020-04-30,2020-05-01,121.05249276351928,113.78934319770812,-0.06234812047000016,손절 (장중)
NFLX,2020-04-14,2020-05-26,39.769875,42.777000427246094,0.0729262653903322,20일선 하향 이탈
REGN,2020-05-05,2020-05-27,558.075180385231,533.6639595138889,-0.04613054766432845,20일선 하향 이탈
PYPL,2020-05-28,2020-07-14,143.20536359866892,166.88888384838165,0.1624703932152951,20일선 하향 이탈
AMZN,2020-05-28,2020-07-24,119.27610757827757,146.5,0.2251744787265657,20일선 하향 이탈
PYPL,2020-07-20,2020-07-24,172.81016311985098,169.1931721373607,-0.02337614604463023,20일선 하향 이탈
TSLA,2020-07-27,2020-08-03,95.71449745559691,96.61333465576172,0.006869356882880373,20일선 하향 이탈
ZM,2020-08-04,2020-08-10,268.13399999999996,252.04595999999995,-0.06234812047000027,손절 (장중)
LRCX,2020-08-11,2020-08-20,35.593996631144265,33.45835683327561,-0.062348120469999935,손절 (장중)
MELI,2020-07-28,2020-08-31,1063.5315,1174.75,0.1018154835212921,20일선 하향 이탈
AMD,2020-08-31,2020-09-04,85.09252805328369,81.44999694824219,-0.04519777853743989,20일선 하향 이탈
TSLA,2020-08-21,2020-09-04,136.38549570465088,128.20236596237183,-0.062348120469999935,손절 (장중)
TSLA,2020-09-08,2020-09-08,118.72599745559691,111.60243760826108,-0.062348120469999935,손절 (장중)
NVDA,2020-04-09,2020-09-09,6.761374140470053,12.332716222048454,0.8194391901975395,20일선 하향 이탈
AAPL,2020-09-08,2020-09-09,110.48848224121143,113.641095738678,0.02596413603752823,20일선 하향 이탈
NVDA,2020-09-10,2020-09-10,12.925231514923693,12.149717624028272,-0.062348120469999935,손절 (장중)
TSLA,2020-09-15,2020-09-17,145.59276427459716,136.85719841812133,-0.062348120470000046,손절 (장중)
TSLA,2020-09-18,2020-09-21,149.38799590301514,140.42471614883422,-0.062348120469999935,손절 (장중)
TSLA,2020-09-30,2020-10-07,140.51022244262694,139.9566650390625,-0.006427783026100697,20일선 하향 이탈
TSLA,2020-10-08,2020-10-21,146.219740814209,140.89999389648438,-0.03878898390426411,20일선 하향 이탈
NVDA,2020-09-28,2020-10-22,12.975976827970493,13.449126364383108,0.03387441406972469,20일선 하향 이탈
QCOM,2020-10-22,2020-10-28,114.06133906860913,107.21765872449258,-0.062348120469999935,손절 (장중)
ZM,2020-09-09,2020-10-30,369.934875,481.5,0.2983290984913223,20일선 하향 이탈
QCOM,2020-10-30,2020-11-02,108.92679913926123,109.59418421913576,0.0036136080010464866,20일선 하향 이탈
BIIB,2020-11-05,2020-11-05,348.174,327.28355999999997,-0.062348120469999824,손절 (장중)
TSLA,2020-11-06,2020-11-10,145.43935203552246,140.02999877929688,-0.039598280538163166,20일선 하향 이탈
NVDA,2020-11-05,2020-11-10,14.092695914863995,13.247134159972155,-0.062348120469999935,손절 (장중)
CSX,2020-11-03,2020-12-04,25.45992622745213,27.992913641519053,0.09674266452265523,20일선 하향 이탈
QCOM,2020-11-20,2020-12-14,130.59234385201106,128.10222378086567,-0.02151825602721058,20일선 하향 이탈
LRCX,2020-12-14,2020-12-23,46.870542976950354,45.328361349905684,-0.03531881201322973,20일선 하향 이탈
MU,2020-11-17,2020-12-24,59.51310011669317,68.56191166440513,0.1491695751134836,20일선 하향 이탈
MELI,2020-12-23,2020-12-28,1730.1246397705077,1626.3171613842771,-0.062348120470000046,손절 (장중)
MELI,2020-12-31,2021-01-04,1719.4492608032226,1616.2823051550292,-0.062348120469999824,손절 (장중)
PTON,2020-12-30,2021-01-06,150.84538927459715,141.79466591812132,-0.062348120470000046,손절 (장중)
LRCX,2021-01-07,2021-01-28,47.9711830665263,49.74666053241063,0.034420878899550145,20일선 하향 이탈
TSLA,2020-12-04,2021-02-01,197.10182807922362,271.42999267578125,0.37366539446572467,20일선 하향 이탈
AMAT,2021-01-06,2021-02-01,84.29236979724891,94.70875296825362,0.12076775968241749,20일선 하향 이탈
AMAT,2021-02-02,2021-02-04,98.32675999136008,95.62482280967743,-0.029908521720150683,20일선 하향 이탈
TSLA,2021-02-02,2021-02-10,281.70077755737304,281.21331787109375,-0.004224094463799122,20일선 하향 이탈
MRNA,2021-02-04,2021-02-23,166.50320816802977,151.25,-0.0938782556542721,20일선 하향 이탈
ASML,2021-01-29,2021-02-26,514.8878622804517,544.483304505895,0.05483780979705166,20일선 하향 이탈
ILMN,2021-02-10,2021-02-26,438.90611096191407,432.73345947265625,-0.016526586680440825,20일선 하향 이탈
ASML,2021-03-02,2021-03-03,551.123187669857,537.110521534264,-0.02786013876835569,20일선 하향 이탈
MU,2021-03-01,2021-03-03,92.23558554358804,86.70145041097275,-0.06234812047000016,손절 (장중)
AMAT,2021-02-24,2021-03-04,110.04916746075092,103.44621741310586,-0.06234812047000027,손절 (장중)
MU,2021-03-08,2021-03-09,86.41107265213128,85.81205375946305,-0.009412884493863682,20일선 하향 이탈
MU,2021-03-10,2021-03-11,87.81600009687531,85.41226326298559,-0.029802048685202087,20일선 하향 이탈
MU,2021-03-12,2021-03-15,85.4354709719665,85.58778785491282,-0.0007196244511756822,20일선 하향 이탈
BKNG,2021-03-09,2021-03-19,93.04719484186556,91.15172802846298,-0.02281813953877787,20일선 하향 이탈
MU,2021-03-22,2021-03-23,89.59160742823518,84.21611098254107,-0.062348120469999935,손절 (장중)
NXPI,2021-03-16,2021-03-24,182.53909737476383,171.586751532278,-0.06234812047000016,손절 (장중)
INTC,2021-03-10,2021-03-25,57.5281349704132,56.08055293081127,-0.02759817069821391,20일선 하향 이탈
INTC,2021-03-29,2021-04-15,58.24701628240145,58.181536090058685,-0.003619373352351185,20일선 하향 이탈
AMAT,2021-03-26,2021-04-20,114.46834205879796,123.69444748450445,0.07790028643432767,20일선 하향 이탈
ASML,2021-03-29,2021-04-21,585.1311240001144,606.6811184528998,0.034239342078726365,20일선 하향 이탈
AMAT,2021-04-22,2021-04-23,128.91200395621462,127.62384821839669,-0.012465558870880855,20일선 하향 이탈
ADP,2021-04-23,2021-04-29,172.89204935426716,165.68077130597743,-0.04410352428773634,20일선 하향 이탈
BKNG,2021-04-29,2021-05-05,98.0249295335911,93.85680564869428,-0.04491284261343931,20일선 하향 이탈
MRNA,2021-04-15,2021-05-06,159.0795,148.0,-0.07197158699895323,20일선 하향 이탈
META,2021-05-07,2021-05-11,319.7334463644478,298.13194982266197,-0.06989018682780368,20일선 하향 이탈
GOOG,2021-04-22,2021-05-12,113.64244548230195,112.02444809807433,-0.016700049911231196,20일선 하향 이탈
ADP,2021-05-05,2021-05-13,168.45008770514713,168.10888329700916,-0.004518492646917727,20일선 하향 이탈
CHTR,2021-05-13,2021-06-02,686.403027557373,690.8200073242188,0.003920890402708599,20일선 하향 이탈
MDLZ,2021-05-14,2021-06-17,54.66232172150601,54.69600517147561,-0.0018833301450539297,20일선 하향 이탈
CSCO,2021-05-14,2021-06-17,45.728578202771985,46.12020040370333,0.006044664586707604,20일선 하향 이탈
ASML,2021-06-18,2021-06-21,654.2064374134943,647.343966204468,-0.01296156117601388,20일선 하향 이탈
BIIB,2021-06-21,2021-06-23,389.05441534423824,365.71115042358394,-0.062348120469999824,손절 (장중)
NVDA,2021-06-18,2021-07-16,18.707676551462868,18.943704278756737,0.010087107504482162,20일선 하향 이탈
REGN,2021-07-16,2021-08-02,582.6159610635273,571.7247029527837,-0.021145020953585836,20일선 하향 이탈
DOCU,2021-08-02,2021-08-04,299.9498877868652,293.3500061035156,-0.024446317347788127,20일선 하향 이탈
AMD,2021-08-04,2021-08-09,114.41718061065673,107.55214977401732,-0.062348120469999824,손절 (장중)
IDXX,2021-06-24,2021-08-11,617.7186781311035,672.6400146484375,0.08618985196546447,20일선 하향 이탈
DOCU,2021-08-10,2021-08-12,308.154,290.36700439453125,-0.06007493826992283,20일선 하향 이탈
MRNA,2021-06-03,2021-08-17,188.98444438934325,361.0,0.9054384236917958,20일선 하향 이탈
NVDA,2021-08-13,2021-08-18,19.82412317569206,19.41106621785206,-0.023282029014209504,20일선 하향 이탈
AMD,2021-08-12,2021-08-19,107.44369438934325,103.31999969482422,-0.040782180195130135,20일선 하향 이탈
ILMN,2021-08-17,2021-08-19,508.59074665832514,467.83074951171875,-0.0824408207744487,손절 (시가 갭)
MRNA,2021-08-18,2021-08-19,406.70324999999997,382.30105499999996,-0.06234812047000016,손절 (장중)
MELI,2021-08-19,2021-09-13,1762.8809999999999,1858.780029296875,0.05176514799030785,20일선 하향 이탈
ADBE,2021-08-20,2021-09-14,640.1599468688964,646.0,0.006602013807291529,20일선 하향 이탈
NVDA,2021-08-20,2021-09-20,19.909769879933272,21.053268680937446,0.05479258333427883,20일선 하향 이탈
ASML,2021-09-15,2021-09-20,846.683596615891,795.8825808189375,-0.062348120470000046,손절 (장중)
MRNA,2021-09-15,2021-09-28,427.66871406555174,398.55999755859375,-0.07039168073333768,20일선 하향 이탈
DXCM,2021-09-20,2021-09-28,140.18255930328368,135.23500061035156,-0.03770351902792268,20일선 하향 이탈
ASML,2021-09-23,2021-09-28,837.51975259987,758.3419332735394,-0.09680029348937813,20일선 하향 이탈
AMD,2021-09-28,2021-09-29,106.89341633605956,102.30000305175781,-0.04536255748277829,20일선 하향 이탈
LULU,2021-09-28,2021-09-30,428.1039596557617,410.2799987792969,-0.0440286526051098,20일선 하향 이탈
BKNG,2021-10-05,2021-10-21,96.13007905316582,93.79819204913589,-0.026695025739534528,20일선 하향 이탈
NFLX,2021-09-30,2021-11-08,60.835402805328364,65.02899932861328,0.06626329184253343,20일선 하향 이탈
AMD,2021-11-09,2021-11-09,154.08699950408933,144.84177953384398,-0.062348120469999935,손절 (장중)
TSLA,2021-10-07,2021-11-15,261.95091732788086,339.2099914550781,0.2917024615847932,20일선 하향 이탈
DXCM,2021-10-21,2021-11-23,138.51422982788085,153.06500244140625,0.10228852428014146,20일선 하향 이탈
NFLX,2021-11-15,2021-11-23,68.15806254959107,65.81800079345703,-0.03674510485392446,20일선 하향 이탈
KLAC,2021-11-24,2021-11-29,39.210601536390584,38.4671373497073,-0.021411431656748414,20일선 하향 이탈
AMD,2021-11-26,2021-12-02,155.8779030532837,147.67999267578125,-0.0549584957536805,20일선 하향 이탈
AMD,2021-12-03,2021-12-03,151.7258188934326,142.62226975982665,-0.062348120469999935,손절 (장중)
NVDA,2021-11-17,2021-12-06,30.299746989492782,29.752611029224973,-0.02051033619886722,20일선 하향 이탈
NVDA,2021-12-08,2021-12-10,31.878509312539933,31.01719680171708,-0.0294491023635427,20일선 하향 이탈
QCOM,2021-11-29,2021-12-17,161.07003038234745,158.22176444401467,-0.020137228367843374,20일선 하향 이탈
MRVL,2021-12-06,2022-01-06,82.09183180710936,81.32277209086116,-0.011842884001869058,20일선 하향 이탈
AVGO,2021-12-13,2022-01-07,58.17033782070801,58.68394254798978,0.0063092672864668575,20일선 하향 이탈
QCOM,2021-12-23,2022-01-10,163.52559533078,160.50871943341247,-0.020900867242543808,20일선 하향 이탈
TSLA,2022-01-11,2022-01-14,351.3989393005371,339.9599914550781,-0.034969280495136035,20일선 하향 이탈
MU,2022-01-07,2022-01-19,93.9789066163125,91.61517663884443,-0.02758687909728741,20일선 하향 이탈
LCID,2022-01-10,2022-01-19,406.50313778686524,394.79998779296875,-0.031215898184423163,20일선 하향 이탈
LCID,2022-01-20,2022-01-20,415.30755610656735,390.38910274017326,-0.06234812047000016,손절 (장중)
VRTX,2022-01-14,2022-01-21,227.1135,228.1300048828125,0.0019665762561460465,QQQ ≤ 200일선 — 전량 현금화
VRTX,2022-02-02,2022-02-04,243.7017918319702,241.27000427246094,-0.012451611980387467,QQQ ≤ 200일선 — 전량 현금화
QCOM,2022-02-02,2022-02-04,162.99412710526823,161.15698401428637,-0.013741067591849787,QQQ ≤ 200일선 — 전량 현금화
AAPL,2022-02-02,2022-02-04,170.78022727608393,167.90975737649003,-0.019263989806950876,QQQ ≤ 200일선 — 전량 현금화
VRTX,2022-02-10,2022-02-11,238.50919438934324,236.5500030517578,-0.01069180318189722,QQQ ≤ 200일선 — 전량 현금화
MU,2022-02-10,2022-02-11,87.23052814735391,89.22998513483059,0.02036626944403941,QQQ ≤ 200일선 — 전량 현금화
QCOM,2022-02-10,2022-02-11,161.60685711883337,157.2943522046856,-0.02911650141888622,QQQ ≤ 200일선 — 전량 현금화
EXC,2022-03-30,2022-03-31,39.926726524101454,40.28926424990456,0.006559393828695859,QQQ ≤ 200일선 — 전량 현금화
REGN,2022-03-30,2022-03-31,693.8523204252747,689.2656178924946,-0.009091975634010652,QQQ ≤ 200일선 — 전량 현금화
TMUS,2022-03-30,2022-03-31,122.70584408716935,122.53993698798335,-0.003846694723982691,QQQ ≤ 200일선 — 전량 현금화
VRTX,2022-04-05,2022-04-06,268.09397145080567,266.75,-0.007498538938796928,QQQ ≤ 200일선 — 전량 현금화
PANW,2022-04-05,2022-04-06,104.71899745559692,101.25499725341797,-0.03549437376462228,QQQ ≤ 200일선 — 전량 현금화
KLAC,2023-01-27,2023-01-30,39.19994544680633,38.24003369778803,-0.026924409212446543,20일선 하향 이탈
ASML,2023-01-27,2023-01-31,646.3989998891049,630.6018199658487,-0.026875696880428457,QQQ ≤ 200일선 — 전량 현금화
BKNG,2023-01-30,2023-01-31,95.15079191263635,94.55192916360927,-0.008776106835983621,QQQ ≤ 200일선 — 전량 현금화
ASML,2023-02-01,2023-02-09,638.9682984430544,653.2233409177406,0.019755737918799143,20일선 하향 이탈
AMAT,2023-02-02,2023-02-10,116.75166636015689,109.74656637854747,-0.062348120469999935,손절 (장중)
NFLX,2023-02-09,2023-02-10,37.259621629714964,35.02404433193207,-0.062348120469999824,손절 (장중)
AMD,2023-02-02,2023-02-17,84.33214591598511,79.5999984741211,-0.058471040008454156,20일선 하향 이탈
ABNB,2023-02-17,2023-02-21,137.50371505737303,129.25349215393064,-0.062348120470000046,손절 (장중)
NVDA,2023-02-14,2023-02-22,21.51685189817092,20.637998793039895,-0.04324084400627992,20일선 하향 이탈
META,2023-02-14,2023-02-27,175.70560009488122,170.3837588103686,-0.0327107388501513,20일선 하향 이탈
NVDA,2023-02-24,2023-03-13,23.159182692436683,22.680040092590666,-0.023135417102275846,QQQ ≤ 200일선 — 전량 현금화
BKNG,2023-02-27,2023-03-13,96.9662952267647,96.11524972401023,-0.011252790900909804,QQQ ≤ 200일선 — 전량 현금화
MELI,2023-02-28,2023-03-13,1192.585985229492,1152.780029296875,-0.0357924724513482,QQQ ≤ 200일선 — 전량 현금화
MELI,2023-03-15,2023-03-21,1187.3233454589842,1199.25,0.007521899974044732,20일선 하향 이탈
MELI,2023-03-22,2023-03-23,1224.8120511474608,1205.9200439453125,-0.017883883534916767,20일선 하향 이탈
TSLA,2023-03-30,2023-04-05,195.6777918319702,183.937124322052,-0.062348120469999824,손절 (장중)
NVDA,2023-03-14,2023-04-13,23.4333937006253,26.649436142330675,0.13440102518369246,20일선 하향 이탈
PANW,2023-04-13,2023-04-21,98.29412524795532,96.13500213623047,-0.024409072150307076,20일선 하향 이탈
META,2023-03-14,2023-04-25,186.0400566851184,208.98477861278425,0.12052607511376001,20일선 하향 이탈
MELI,2023-04-10,2023-04-25,1225.8325806884766,1261.780029296875,0.0267536709180185,20일선 하향 이탈
FTNT,2023-04-21,2023-04-25,67.35365969467162,65.36000061035156,-0.03202392280245092,20일선 하향 이탈
FISV,2023-04-26,2023-05-11,119.47970816802977,118.22000122070312,-0.013014934446433757,20일선 하향 이탈
ORLY,2023-05-11,2023-05-23,63.705168880462644,61.2586669921875,-0.040805575351801515,20일선 하향 이탈
MSFT,2023-04-27,2023-06-27,288.1000348016209,323.58003605093296,0.12034603946278932,20일선 하향 이탈
MRVL,2023-06-28,2023-06-29,58.00017016937484,59.81217563762263,0.028665340441997644,20일선 하향 이탈
NVDA,2023-05-25,2023-06-30,38.42034553567224,41.55247077216965,0.07882092421372366,20일선 하향 이탈
AVGO,2023-06-29,2023-07-10,82.45900756494362,81.82268227737804,-0.010195591890233113,20일선 하향 이탈
META,2023-04-28,2023-07-24,237.0478373164425,293.2052158926609,0.2338133620106706,20일선 하향 이탈
ISRG,2023-06-30,2023-07-24,341.5006515655517,336.760009765625,-0.016345118075506204,20일선 하향 이탈
NVDA,2023-07-10,2023-08-03,42.54773483140341,43.66597942336427,0.023718464861341326,20일선 하향 이탈
AVGO,2023-07-25,2023-08-04,86.91466761455345,85.36265299914588,-0.02031015723501617,20일선 하향 이탈
ADBE,2023-07-25,2023-08-09,519.6796929016112,520.5499877929688,-0.000827508259988341,20일선 하향 이탈
AVGO,2023-08-08,2023-08-09,85.89847220736306,85.14465177902358,-0.011251792799324756,20일선 하향 이탈
NVDA,2023-08-22,2023-08-23,48.01169936699178,45.13099740497227,-0.062348120469999935,손절 (장중)
PANW,2023-08-22,2023-08-24,120.8854094467163,113.63228487991331,-0.062348120469999935,손절 (장중)
NVDA,2023-08-24,2023-08-24,50.08737916356896,47.082136413754824,-0.062348120469999824,손절 (장중)
ADBE,2023-08-24,2023-08-25,539.2695,514.9199829101562,-0.04753798882490712,20일선 하향 이탈
CHTR,2023-08-29,2023-09-05,432.21599999999995,422.32000732421875,-0.02533674890618831,20일선 하향 이탈
ADBE,2023-08-28,2023-09-18,525.9628622131347,524.22998046875,-0.005784454980164999,20일선 하향 이탈
INTU,2023-08-28,2023-09-20,507.18090056645997,518.6960021858625,0.02014941559349026,20일선 하향 이탈
TEAM,2023-09-20,2023-09-21,207.21355561065673,196.33999633789062,-0.054842052433772825,20일선 하향 이탈
ABNB,2023-09-06,2023-09-21,140.85038877868652,132.3993654519653,-0.06234812047000016,손절 (장중)
CMCSA,2023-09-22,2023-09-25,38.27105981565269,37.958071980646395,-0.010655757111440067,20일선 하향 이탈
CHTR,2023-09-19,2023-09-27,450.2350147705078,428.7300109863281,-0.05014263845626454,20일선 하향 이탈
REGN,2023-09-28,2023-10-02,825.9225526108995,819.2688055246578,-0.010534015501300287,20일선 하향 이탈
AMGN,2023-09-29,2023-10-04,247.82711730653543,239.56831511379332,-0.03573960775537344,20일선 하향 이탈
CHTR,2023-09-29,2023-10-04,446.8233061065674,432.5199890136719,-0.03442916256038486,20일선 하향 이탈
REGN,2023-10-06,2023-10-19,822.0571975097829,815.8807180176819,-0.00999267442525098,20일선 하향 이탈
AMGN,2023-10-05,2023-10-24,243.428390490762,248.69953091038025,0.019101670342066335,20일선 하향 이탈
META,2023-10-24,2023-10-25,314.1794233560485,307.3014678860385,-0.024335122296585188,20일선 하향 이탈
GOOG,2023-10-09,2023-10-25,136.7636221629821,128.5523951209474,-0.06238757685983887,손절 (시가 갭)
AMGN,2023-10-25,2023-10-26,251.567353270978,248.1602529606442,-0.016007660349997455,20일선 하향 이탈
VRTX,2023-10-25,2023-10-27,369.39459645080564,360.6099853515625,-0.026219698707060535,20일선 하향 이탈
GILD,2023-10-26,2023-10-30,71.46467533527347,69.98236446676124,-0.0231880553877426,20일선 하향 이탈
GILD,2023-10-31,2023-11-09,70.62722053590208,70.53734247333256,-0.003767391344549953,20일선 하향 이탈
SNPS,2023-11-09,2023-12-07,506.06290255737304,531.2999877929688,0.04724688863698767,20일선 하향 이탈
MELI,2023-11-01,2023-12-21,1239.6195,1617.3900146484375,0.3014878949412707,20일선 하향 이탈
CRWD,2023-12-07,2024-01-03,59.93745497131347,60.08000183105469,-0.00012568126017975523,20일선 하향 이탈
AMD,2023-12-22,2024-01-04,140.5502357254028,134.3000030517578,-0.04685665672795436,20일선 하향 이탈
INTC,2024-01-05,2024-01-16,46.4316628600254,46.35912003443378,-0.00405645456172854,20일선 하향 이탈
TMUS,2023-10-31,2024-01-25,134.6444606459482,155.34285408083093,0.15084428137837835,20일선 하향 이탈
DXCM,2024-01-09,2024-01-26,128.87440255737303,121.14193840393064,-0.062348120470000046,손절 (장중)
AMD,2024-01-25,2024-01-30,183.5017086639404,172.49160614410397,-0.062348120469999935,손절 (장중)
TEAM,2024-01-31,2024-02-02,253.10648572540282,230.1300048828125,-0.09304915929891888,손절 (시가 갭)
AMD,2024-02-05,2024-02-06,179.17954133605957,168.42876885589598,-0.06234812047000016,손절 (장중)
MELI,2024-01-16,2024-02-08,1659.4092460327147,1729.3299560546875,0.03953264879288865,20일선 하향 이탈
CRWD,2024-01-30,2024-02-21,75.28762499999999,70.75749969482422,-0.06251860879915117,손절 (시가 갭)
PANW,2024-02-08,2024-02-21,181.70080561065672,137.60000610351562,-0.24460279216605207,손절 (시가 갭)
META,2024-02-22,2024-03-12,476.8028307957194,489.48491194914317,0.024033723917931127,20일선 하향 이탈
LRCX,2024-02-22,2024-03-12,91.10021514875486,91.5911561154281,0.002877558658596957,20일선 하향 이탈
ASML,2024-02-07,2024-03-15,887.3197375858047,935.3597735232509,0.05150737081523071,20일선 하향 이탈
FTNT,2024-03-12,2024-03-15,71.71584030532837,67.72000122070312,-0.05807648162250012,20일선 하향 이탈
AMD,2024-03-18,2024-03-19,193.38663828277586,183.16000366210938,-0.0552477073714458,20일선 하향 이탈
NVDA,2024-03-13,2024-03-19,90.8415006725075,85.39101063215703,-0.062348120470000046,손절 (장중)
META,2024-03-19,2024-03-27,484.67608035081696,495.47862897974267,0.019734505484718445,20일선 하향 이탈
NVDA,2024-03-20,2024-04-03,89.58646000026455,88.23241336254476,-0.01757465637565092,20일선 하향 이탈
DASH,2024-03-27,2024-04-05,142.62127805328367,135.69000244140625,-0.05097576886882815,20일선 하향 이탈
META,2024-04-03,2024-04-16,495.35908585800115,494.29775401725584,-0.004635198874877289,20일선 하향 이탈
DASH,2024-04-08,2024-04-16,139.0695,133.0500030517578,-0.045673968212947336,20일선 하향 이탈
CEG,2024-03-18,2024-04-18,165.28090025850557,183.36431092168377,0.10663885842373166,20일선 하향 이탈
MU,2024-04-17,2024-04-18,121.21201369549051,115.17428343981064,-0.05218489059335685,20일선 하향 이탈
ASML,2024-04-17,2024-04-18,924.09502938837,882.7910755366065,-0.04708300014193001,20일선 하향 이탈
CEG,2024-04-24,2024-04-25,184.04736013139345,182.84219104291347,-0.00902978978856206,20일선 하향 이탈
CEG,2024-04-26,2024-05-01,184.22970119177592,183.48251770684274,-0.006543586067325857,20일선 하향 이탈
ABNB,2024-04-26,2024-05-01,163.76183267211914,157.5800018310547,-0.0401526146668969,20일선 하향 이탈
NVDA,2024-04-29,2024-05-01,87.38961546543464,82.14623853750857,-0.062348120469999935,손절 (장중)
CEG,2024-05-06,2024-06-04,194.90902548208163,204.2260564753884,0.04518453765973929,20일선 하향 이탈
MRNA,2024-06-04,2024-06-13,147.73383366394043,147.0,-0.007452861068677263,20일선 하향 이탈
NVDA,2024-05-03,2024-06-25,87.58317292097881,120.86531009404065,0.37655881224776366,20일선 하향 이탈
QCOM,2024-05-03,2024-06-25,173.07246248114075,193.6148717677067,0.11589804034982487,20일선 하향 이탈
MU,2024-06-13,2024-06-27,141.84446586535233,133.3337979134312,-0.062348120469999935,손절 (장중)
NVDA,2024-06-26,2024-07-01,125.844604134438,123.12905433583957,-0.024022692579367955,20일선 하향 이탈
ARM,2024-06-28,2024-07-01,167.33362499999998,157.29360749999998,-0.062348120470000046,손절 (장중)
CRWD,2024-07-02,2024-07-11,95.61528100204467,93.92250061035156,-0.02015785369221268,20일선 하향 이탈
KLAC,2024-07-11,2024-07-17,88.18165880047829,80.36240391410425,-0.09094862038917739,손절 (시가 갭)
AVGO,2024-07-01,2024-07-18,157.93025687725492,155.95696896290187,-0.014961468103210196,20일선 하향 이탈
NXPI,2024-07-23,2024-07-24,250.53590295833035,250.39149748835663,-0.003072947017990435,20일선 하향 이탈
TSLA,2024-07-23,2024-07-24,253.72680610656738,225.4199981689453,-0.11378343364174337,손절 (시가 갭)
ARM,2024-07-24,2024-07-24,167.23356889343262,157.19955475982664,-0.06234812047000016,손절 (장중)
AAPL,2024-06-25,2024-07-25,207.27872036914306,216.86279177043605,0.04362410199616984,20일선 하향 이탈
AMGN,2024-07-25,2024-08-06,314.313246942009,304.0954674794182,-0.03492506344929036,20일선 하향 이탈
VRTX,2024-08-05,2024-08-06,469.79477755737304,474.010009765625,0.006452083147055143,20일선 하향 이탈
CHTR,2024-07-29,2024-08-16,366.7032490081787,353.1700134277344,-0.039310953719557284,20일선 하향 이탈
TSLA,2024-08-19,2024-08-23,217.17854232788085,214.4600067138672,-0.01498424652423469,20일선 하향 이탈
ISRG,2024-08-07,2024-09-06,452.226,476.9200134277344,0.05197106534284179,20일선 하향 이탈
TSLA,2024-09-06,2024-09-06,232.71630610656737,218.75332774017332,-0.062348120470000046,손절 (장중)
TMUS,2024-08-23,2024-09-09,190.41501172324,186.6144013168388,-0.02240775680228102,20일선 하향 이탈
FTNT,2024-08-08,2024-09-13,69.75486122131348,74.66999816894531,0.06778898519872611,20일선 하향 이탈
ADBE,2024-09-13,2024-09-16,532.8362923278809,537.4000244140625,0.006045583986822534,20일선 하향 이탈
FTNT,2024-09-17,2024-09-18,76.13804847335815,75.80999755859375,-0.006795870618509614,20일선 하향 이탈
MELI,2024-09-10,2024-09-30,2041.3201988525389,2055.300048828125,0.004333327731208536,20일선 하향 이탈
PYPL,2024-09-19,2024-10-30,74.20991624951867,78.15837918215365,0.050575764696178416,20일선 하향 이탈
FTNT,2024-09-30,2024-10-30,77.68882652664185,79.25,0.017547014090445456,20일선 하향 이탈
CRWD,2024-10-30,2024-11-01,77.91393749999999,74.19750213623047,-0.05007808469703601,20일선 하향 이탈
TTD,2024-10-30,2024-11-05,121.68081274795531,119.02999877929688,-0.024228560761102136,20일선 하향 이탈
GILD,2024-09-10,2024-11-18,74.36771972913942,83.76253766409346,0.12351567464275326,20일선 하향 이탈
DASH,2024-11-19,2024-12-10,171.90591732788084,175.49000549316406,0.01829904457457654,20일선 하향 이탈
BKNG,2024-11-01,2024-12-17,183.83963291253093,202.18555649282322,0.09704579843003147,20일선 하향 이탈
APP,2024-12-17,2024-12-18,340.76029133605954,339.0199890136719,-0.007592358881693517,20일선 하향 이탈
TEAM,2024-11-05,2024-12-19,218.4391668319702,255.57000732421875,0.1670599051233277,20일선 하향 이탈
DDOG,2024-12-18,2024-12-19,156.4581948852539,150.5,-0.04048457778225889,20일선 하향 이탈
APP,2024-12-23,2024-12-26,347.77881349182127,341.3500061035156,-0.020937157732865863,20일선 하향 이탈
PLTR,2024-12-26,2024-12-27,83.20158366394043,78.209488644104,-0.062348120470000046,손절 (장중)
TSLA,2024-12-10,2025-01-02,392.87633267211913,390.1000061035156,-0.009547015859645458,20일선 하향 이탈
MRVL,2024-12-20,2025-01-02,107.53929094270184,110.14332245949747,0.021656209761146794,20일선 하향 이탈
PLTR,2024-12-31,2025-01-02,77.61879183197021,72.961664322052,-0.062348120470000046,손절 (장중)
PLTR,2025-01-06,2025-01-07,78.72934744262695,75.19999694824219,-0.04721492359720525,20일선 하향 이탈
APP,2025-01-03,2025-01-07,341.64073622131343,321.1422920480346,-0.062348120470000046,손절 (장중)
MSTR,2025-01-07,2025-01-07,366.6532362213135,344.6540420480346,-0.062348120470000046,손절 (장중)
APP,2025-01-16,2025-01-17,333.8968759918213,341.82000732421875,0.02117200037344702,20일선 하향 이탈
TSLA,2025-01-16,2025-01-17,423.70173522949216,421.5,-0.007681447040756906,20일선 하향 이탈
MSTR,2025-01-17,2025-01-24,383.4716387786865,360.4633404519653,-0.06234812047000016,손절 (장중)
MRVL,2025-01-03,2025-01-27,114.64018194259226,107.58991700990657,-0.06384344891249827,손절 (시가 갭)
MSTR,2025-01-28,2025-01-29,344.85233267211913,338.20001220703125,-0.021740158190576064,20일선 하향 이탈
CRWD,2025-01-29,2025-02-24,101.13804527664185,101.37249755859375,-0.00018564989647917862,20일선 하향 이탈
PLTR,2025-01-28,2025-02-25,75.5777709159851,90.6500015258789,0.19643059964364729,20일선 하향 이탈
APP,2025-01-21,2025-02-26,349.17449999999997,328.4700012207031,-0.061645443772615605,20일선 하향 이탈
FTNT,2025-02-27,2025-02-28,110.03499335861206,106.9800033569336,-0.030192450620928457,20일선 하향 이탈
DASH,2025-02-27,2025-02-28,200.33011072540282,196.0,-0.02405888363936115,20일선 하향 이탈
SBUX,2025-02-26,2025-03-05,110.30447572841317,107.32500803872597,-0.02944182991655253,20일선 하향 이탈
TMUS,2025-02-28,2025-03-07,259.0194314349163,255.15643465606263,-0.017374672067155705,QQQ ≤ 200일선 — 전량 현금화
GILD,2025-03-03,2025-03-07,109.84520700752715,110.51656842370967,0.003598618308168211,QQQ ≤ 200일선 — 전량 현금화
MELI,2025-03-26,2025-03-27,2181.8103306884764,2065.85009765625,-0.05551386658384583,QQQ ≤ 200일선 — 전량 현금화
DASH,2025-03-26,2025-03-27,199.33962549591064,192.1199951171875,-0.03862526682003731,QQQ ≤ 200일선 — 전량 현금화
PLTR,2025-05-14,2025-05-21,129.07449950408935,121.33002953384398,-0.062348120470000046,손절 (장중)
CDNS,2025-05-23,2025-05-28,312.1960285491943,293.46426683624264,-0.062348120469999935,손절 (장중)
CHTR,2025-05-14,2025-05-30,407.23351377868653,395.510009765625,-0.031214248791221033,20일선 하향 이탈
PLTR,2025-06-02,2025-06-05,131.50071505737304,123.61067215393065,-0.06234812047000016,손절 (장중)
MELI,2025-05-13,2025-06-09,2505.8624124755856,2477.5,-0.013788150754933781,20일선 하향 이탈
NFLX,2025-06-06,2025-06-10,126.00397239303588,118.44373404945372,-0.062348120469999935,손절 (장중)
PLTR,2025-06-09,2025-06-30,127.1385344467163,137.7899932861328,0.0810710884166479,20일선 하향 이탈
AXON,2025-05-29,2025-07-02,753.5665974426269,774.6799926757812,0.025449965920988804,20일선 하향 이탈
CRWD,2025-06-11,2025-07-11,116.56324975204467,122.0,0.04402754897338723,20일선 하향 이탈
NVDA,2025-06-30,2025-08-20,158.09152263307126,174.74148365399904,0.10255740748996756,20일선 하향 이탈
AVGO,2025-07-03,2025-08-20,268.89514242599694,293.31086698084704,0.08807535029753955,20일선 하향 이탈
AMD,2025-07-11,2025-08-20,142.67130610656739,164.10000610351562,0.14732309301179214,20일선 하향 이탈
SHOP,2025-08-25,2025-08-28,140.82037499999998,140.82000732421875,-0.0025006049336760983,20일선 하향 이탈
AVGO,2025-08-28,2025-09-02,300.8769058993551,287.23539119184755,-0.04772393153738963,20일선 하향 이탈
IDXX,2025-08-21,2025-09-03,637.3685127868652,640.989990234375,0.0031697269175972043,20일선 하향 이탈
INTC,2025-09-03,2025-09-15,24.102045152664182,24.329999923706055,0.0069362752417290174,20일선 하향 이탈
GOOG,2025-09-03,2025-10-01,225.80144299836508,240.55203206991087,0.06266430270448531,20일선 하향 이탈
TSLA,2025-10-01,2025-10-03,444.0218877868652,417.38057451965324,-0.062348120470000046,손절 (장중)
APP,2025-08-25,2025-10-07,440.52013778686523,595.2150268554688,0.34778896239253654,20일선 하향 이탈
SHOP,2025-10-06,2025-10-10,166.63327805328368,156.63528137008666,-0.062348120470000046,손절 (장중)
TSLA,2025-10-07,2025-10-10,448.0439173278808,421.16128228820793,-0.06234812047000016,손절 (장중)
TSLA,2025-10-14,2025-10-15,427.00340354919433,434.8999938964844,0.015948842300743005,20일선 하향 이탈
INTC,2025-10-14,2025-11-05,36.018,37.41999816894531,0.03632969611886527,20일선 하향 이탈
LRCX,2025-10-15,2025-11-14,143.56196369634944,146.98777783973742,0.021305354998624848,20일선 하향 이탈
MU,2025-09-15,2025-11-19,156.78682089360257,226.68827208989126,0.4422258413308586,20일선 하향 이탈
DDOG,2025-11-17,2025-11-20,184.27208267211913,173.21575771179198,-0.062348120469999824,손절 (장중)
AMAT,2025-11-20,2025-11-20,238.0609806249155,223.77732178742053,-0.062348120469999935,손절 (장중)
GOOG,2025-11-25,2025-12-12,326.1120834571514,306.5453584497223,-0.062348120470000046,손절 (장중)
LRCX,2025-12-16,2025-12-17,164.26957254079593,154.41339818834817,-0.062348120469999824,손절 (장중)
AMAT,2025-11-25,2025-12-18,236.8247696949974,258.16990691091667,0.08740736319950959,20일선 하향 이탈
WBD,2025-11-05,2026-01-06,22.561274236679075,28.5,0.26007098214035107,20일선 하향 이탈
REGN,2025-12-18,2026-01-13,745.0311358662714,762.2108966264792,0.020503515657191773,20일선 하향 이탈
LRCX,2025-12-19,2026-02-05,165.8473730461611,207.73460283008455,0.24943601989205066,20일선 하향 이탈
AMAT,2026-01-06,2026-02-05,284.558594190593,299.0043991532007,0.04814084727606427,20일선 하향 이탈
PCAR,2026-02-05,2026-02-20,127.0988433760227,123.42877254071877,-0.03130159067659577,20일선 하향 이탈
WDC,2026-01-13,2026-02-25,209.14279035200093,280.2027841847732,0.3364210978506921,20일선 하향 이탈
ASML,2026-02-25,2026-02-26,1517.8785273126282,1426.8058156738705,-0.062348120470000046,손절 (장중)
WDC,2026-03-02,2026-03-03,270.348467760072,254.30026255792595,-0.0617109004663271,20일선 하향 이탈
MU,2026-02-20,2026-03-03,415.1492798125581,386.3282739254194,-0.0717478159230267,손절 (시가 갭)
ADI,2026-02-05,2026-03-06,313.692622871415,317.6395326297413,0.010052662437937343,20일선 하향 이탈
AMAT,2026-03-03,2026-03-06,350.2650038171901,328.75929004983357,-0.06374303568715489,20일선 하향 이탈
CMCSA,2026-03-05,2026-03-10,31.164045020982666,30.173252204654908,-0.034211400179398055,20일선 하향 이탈
MU,2026-03-12,2026-03-13,409.9696708088058,413.51268551318486,0.006122550002927829,20일선 하향 이탈
MU,2026-03-16,2026-03-20,446.1270368158824,419.3594146069294,-0.062348120470000046,손절 (장중)
WDC,2026-03-17,2026-03-23,288.29644004320977,298.43634683958715,0.032585947475958665,QQQ ≤ 200일선 — 전량 현금화
STX,2026-03-17,2026-03-23,399.21845944968345,418.9699014127051,0.046853682481496906,QQQ ≤ 200일선 — 전량 현금화
INTC,2026-04-09,2026-06-01,58.42920152664184,109.43000030517578,0.868186476242133,20일선 하향 이탈
ARM,2026-06-01,2026-06-05,390.14498721313475,366.7362879803467,-0.062348120469999824,손절 (장중)
SNDK,2026-06-09,2026-06-09,1701.35025,1599.269235,-0.062348120469999935,손절 (장중)
WDC,2026-04-09,2026-06-11,343.8518838265094,497.61024363421467,0.443549494256235,20일선 하향 이탈
STX,2026-04-09,2026-06-11,503.8927074539934,837.7726409185683,0.6584480626145339,20일선 하향 이탈
ARM,2026-06-12,2026-06-24,353.29655511474607,373.3299865722656,0.05406464537474287,20일선 하향 이탈
MRVL,2026-06-12,2026-06-29,270.13838443344054,272.3428089040106,0.0056419675454602025,20일선 하향 이탈
SNDK,2026-06-11,2026-07-06,1673.0961397705078,1828.6800537109375,0.09026132250393815,20일선 하향 이탈
ALAB,2026-06-29,2026-07-07,403.28152656555176,379.08463497161864,-0.062348120470000046,손절 (장중)
AMD,2026-06-24,2026-07-08,521.0804173278808,504.80999755859375,-0.033644395015831274,20일선 하향 이탈
ALAB,2026-07-13,2026-07-13,403.7117647705078,379.4890588842773,-0.06234812047000016,손절 (장중)
AMD,2026-07-10,2026-07-15,544.2820147705078,511.62509388427725,-0.062348120470000046,손절 (장중)
FTNT,2026-07-10,2026-07-22,164.52222244262694,154.6508890960693,-0.06234812047000016,손절 (장중)
DDOG,2026-07-14,2026-07-23,255.7127992172241,246.57000732421875,-0.03816282925398795,20일선 하향 이탈
AMD,2026-07-22,2026-07-27,527.1434448852539,527.510009765625,-0.0018043578024297124,20일선 하향 이탈
STX,2026-07-24,2026-07-27,879.6496269836425,855.989990234375,-0.029327472418001377,20일선 하향 이탈
CSCO,2026-07-29,2026-07-30,117.07850664138793,112.69000244140625,-0.039887798507112326,20일선 하향 이탈
DDOG,2026-07-30,2026-08-06,263.93689517211914,227.4499969482422,-0.14039366647021534,손절 (시가 갭)
ALAB,2026-08-07,2026-08-10,340.1899990081787,319.77859906768794,-0.06234812047000016,손절 (장중)
FTNT,2026-08-03,2026-08-18,163.39165255737305,156.0,-0.04762385662658475,20일선 하향 이탈
PANW,2026-08-11,2026-08-19,384.39211221313474,361.32858548034665,-0.06234812047000016,손절 (장중)
AXON,2026-08-19,2026-08-31,621.0203769836426,590.8699951171875,-0.05092646969702541,20일선 하향 이탈
DASH,2026-08-20,2026-09-04,219.11949950408933,221.5,0.008338798643187761,20일선 하향 이탈
ADP,2026-07-28,2026-09-08,257.84947841925987,272.5556605061239,0.05439350894414807,20일선 하향 이탈
ABNB,2026-08-31,2026-09-08,188.31411122131345,181.63499450683594,-0.03787735807642323,20일선 하향 이탈
WDAY,2026-09-04,2026-09-08,207.04347244262695,191.97000122070312,-0.07511954952005528,손절 (시가 갭)
AMGN,2026-09-08,2026-09-09,409.1044438934326,393.07000732421875,-0.04159408654205998,20일선 하향 이탈
CRWD,2026-09-08,2026-09-10,209.95493110656736,205.73500061035156,-0.022547013331185806,20일선 하향 이탈
CRWD,2026-09-11,2026-09-14,208.1390211639404,219.0,0.0495530183090267,20일선 하향 이탈
LITE,2026-09-10,2026-09-14,959.919722442627,860.875,-0.10542047033429136,손절 (시가 갭)
