목표,밴드,R1,R2p,R3제외,실제Sharpe,실제MDD,실제CAGR,합성MDD,합성CAGR,c1_합성MDD>-60,c2_Sharpe>SOXX,c3_CAGR>현금,판정
0.2,0.05,0.6,-0.2,False,0.66,-18.7,10.2,-27.8,8.3,True,False,True,REJECT
0.2,0.05,0.6,-0.2,True,0.68,-18.7,10.5,-27.8,8.3,True,False,True,REJECT
0.2,0.05,0.6,-0.3,False,0.68,-20.4,11.0,-27.5,9.0,True,False,True,REJECT
0.2,0.05,0.6,-0.3,True,0.69,-20.4,11.1,-27.5,9.0,True,False,True,REJECT
0.2,0.05,0.6,-0.4,False,0.69,-22.8,11.7,-25.9,9.6,True,False,True,REJECT
0.2,0.05,0.6,-0.4,True,0.69,-22.8,11.7,-25.9,9.6,True,False,True,REJECT
0.2,0.05,0.6,-0.5,False,0.69,-24.0,12.0,-27.7,10.2,True,False,True,REJECT
0.2,0.05,0.6,-0.5,True,0.7,-24.0,12.3,-27.7,10.2,True,False,True,REJECT
0.2,0.05,0.7,-0.2,False,0.66,-18.7,10.2,-27.8,8.3,True,False,True,REJECT
0.2,0.05,0.7,-0.2,True,0.68,-18.7,10.5,-27.8,8.3,True,False,True,REJECT
0.2,0.05,0.7,-0.3,False,0.68,-20.4,11.0,-27.5,9.0,True,False,True,REJECT
0.2,0.05,0.7,-0.3,True,0.69,-20.4,11.1,-27.5,9.0,True,False,True,REJECT
0.2,0.05,0.7,-0.4,False,0.69,-22.8,11.7,-25.9,9.6,True,False,True,REJECT
0.2,0.05,0.7,-0.4,True,0.69,-22.8,11.7,-25.9,9.6,True,False,True,REJECT
0.2,0.05,0.7,-0.5,False,0.69,-24.0,12.0,-27.7,10.2,True,False,True,REJECT
0.2,0.05,0.7,-0.5,True,0.7,-24.0,12.3,-27.7,10.2,True,False,True,REJECT
0.2,0.05,0.85,-0.2,False,0.66,-18.7,10.2,-27.8,8.3,True,False,True,REJECT
0.2,0.05,0.85,-0.2,True,0.68,-18.7,10.5,-27.8,8.3,True,False,True,REJECT
0.2,0.05,0.85,-0.3,False,0.68,-20.4,11.0,-27.5,9.0,True,False,True,REJECT
0.2,0.05,0.85,-0.3,True,0.69,-20.4,11.1,-27.5,9.0,True,False,True,REJECT
0.2,0.05,0.85,-0.4,False,0.69,-22.8,11.7,-25.9,9.6,True,False,True,REJECT
0.2,0.05,0.85,-0.4,True,0.69,-22.8,11.7,-25.9,9.6,True,False,True,REJECT
0.2,0.05,0.85,-0.5,False,0.69,-24.0,12.0,-27.7,10.2,True,False,True,REJECT
0.2,0.05,0.85,-0.5,True,0.7,-24.0,12.3,-27.7,10.2,True,False,True,REJECT
0.2,0.05,1.0,-0.2,False,0.66,-18.7,10.2,-27.8,8.3,True,False,True,REJECT
0.2,0.05,1.0,-0.2,True,0.68,-18.7,10.5,-27.8,8.3,True,False,True,REJECT
0.2,0.05,1.0,-0.3,False,0.68,-20.4,11.0,-27.5,9.0,True,False,True,REJECT
0.2,0.05,1.0,-0.3,True,0.69,-20.4,11.1,-27.5,9.0,True,False,True,REJECT
0.2,0.05,1.0,-0.4,False,0.69,-22.8,11.7,-25.9,9.6,True,False,True,REJECT
0.2,0.05,1.0,-0.4,True,0.69,-22.8,11.7,-25.9,9.6,True,False,True,REJECT
0.2,0.05,1.0,-0.5,False,0.69,-24.0,12.0,-27.7,10.2,True,False,True,REJECT
0.2,0.05,1.0,-0.5,True,0.7,-24.0,12.3,-27.7,10.2,True,False,True,REJECT
0.2,0.1,0.6,-0.2,False,0.63,-24.3,10.8,-25.7,9.1,True,False,True,REJECT
0.2,0.1,0.6,-0.2,True,0.67,-20.4,11.0,-25.7,9.0,True,False,True,REJECT
0.2,0.1,0.6,-0.3,False,0.72,-22.8,12.0,-25.2,9.5,True,False,True,REJECT
0.2,0.1,0.6,-0.3,True,0.73,-22.8,12.1,-25.2,9.4,True,False,True,REJECT
0.2,0.1,0.6,-0.4,False,0.72,-19.9,11.8,-24.8,9.9,True,False,True,REJECT
0.2,0.1,0.6,-0.4,True,0.71,-22.8,11.8,-24.8,9.8,True,False,True,REJECT
0.2,0.1,0.6,-0.5,False,0.72,-19.9,11.9,-27.0,10.1,True,False,True,REJECT
0.2,0.1,0.6,-0.5,True,0.73,-20.4,12.1,-27.0,10.0,True,False,True,REJECT
0.2,0.1,0.7,-0.2,False,0.63,-24.3,10.8,-25.7,9.1,True,False,True,REJECT
0.2,0.1,0.7,-0.2,True,0.67,-20.4,11.0,-25.7,9.0,True,False,True,REJECT
0.2,0.1,0.7,-0.3,False,0.72,-22.8,12.0,-25.2,9.5,True,False,True,REJECT
0.2,0.1,0.7,-0.3,True,0.73,-22.8,12.1,-25.2,9.4,True,False,True,REJECT
0.2,0.1,0.7,-0.4,False,0.72,-19.9,11.8,-24.8,9.9,True,False,True,REJECT
0.2,0.1,0.7,-0.4,True,0.71,-22.8,11.8,-24.8,9.8,True,False,True,REJECT
0.2,0.1,0.7,-0.5,False,0.72,-19.9,11.9,-27.0,10.1,True,False,True,REJECT
0.2,0.1,0.7,-0.5,True,0.73,-20.4,12.1,-27.0,10.0,True,False,True,REJECT
0.2,0.1,0.85,-0.2,False,0.63,-24.3,10.8,-25.7,9.1,True,False,True,REJECT
0.2,0.1,0.85,-0.2,True,0.67,-20.4,11.0,-25.7,9.0,True,False,True,REJECT
0.2,0.1,0.85,-0.3,False,0.72,-22.8,12.0,-25.2,9.5,True,False,True,REJECT
0.2,0.1,0.85,-0.3,True,0.73,-22.8,12.1,-25.2,9.4,True,False,True,REJECT
0.2,0.1,0.85,-0.4,False,0.72,-19.9,11.8,-24.8,9.9,True,False,True,REJECT
0.2,0.1,0.85,-0.4,True,0.71,-22.8,11.8,-24.8,9.8,True,False,True,REJECT
0.2,0.1,0.85,-0.5,False,0.72,-19.9,11.9,-27.0,10.1,True,False,True,REJECT
0.2,0.1,0.85,-0.5,True,0.73,-20.4,12.1,-27.0,10.0,True,False,True,REJECT
0.2,0.1,1.0,-0.2,False,0.63,-24.3,10.8,-25.7,9.1,True,False,True,REJECT
0.2,0.1,1.0,-0.2,True,0.67,-20.4,11.0,-25.7,9.0,True,False,True,REJECT
0.2,0.1,1.0,-0.3,False,0.72,-22.8,12.0,-25.2,9.5,True,False,True,REJECT
0.2,0.1,1.0,-0.3,True,0.73,-22.8,12.1,-25.2,9.4,True,False,True,REJECT
0.2,0.1,1.0,-0.4,False,0.72,-19.9,11.8,-24.8,9.9,True,False,True,REJECT
0.2,0.1,1.0,-0.4,True,0.71,-22.8,11.8,-24.8,9.8,True,False,True,REJECT
0.2,0.1,1.0,-0.5,False,0.72,-19.9,11.9,-27.0,10.1,True,False,True,REJECT
0.2,0.1,1.0,-0.5,True,0.73,-20.4,12.1,-27.0,10.0,True,False,True,REJECT
0.2,0.15,0.6,-0.2,False,0.57,-29.8,10.1,-27.1,7.9,True,False,True,REJECT
0.2,0.15,0.6,-0.2,True,0.58,-29.8,10.9,-27.1,8.2,True,False,True,REJECT
0.2,0.15,0.6,-0.3,False,0.57,-29.8,10.1,-27.8,8.0,True,False,True,REJECT
0.2,0.15,0.6,-0.3,True,0.58,-29.8,10.9,-27.8,8.4,True,False,True,REJECT
0.2,0.15,0.6,-0.4,False,0.57,-29.8,10.1,-29.2,8.0,True,False,True,REJECT
0.2,0.15,0.6,-0.4,True,0.58,-29.8,10.9,-29.2,8.3,True,False,True,REJECT
0.2,0.15,0.6,-0.5,False,0.57,-29.8,10.1,-28.3,8.9,True,False,True,REJECT
0.2,0.15,0.6,-0.5,True,0.58,-29.8,10.9,-28.3,9.2,True,False,True,REJECT
0.2,0.15,0.7,-0.2,False,0.57,-29.8,10.1,-27.1,7.9,True,False,True,REJECT
0.2,0.15,0.7,-0.2,True,0.58,-29.8,10.9,-27.1,8.2,True,False,True,REJECT
0.2,0.15,0.7,-0.3,False,0.57,-29.8,10.1,-27.8,8.0,True,False,True,REJECT
0.2,0.15,0.7,-0.3,True,0.58,-29.8,10.9,-27.8,8.4,True,False,True,REJECT
0.2,0.15,0.7,-0.4,False,0.57,-29.8,10.1,-29.2,8.0,True,False,True,REJECT
0.2,0.15,0.7,-0.4,True,0.58,-29.8,10.9,-29.2,8.3,True,False,True,REJECT
0.2,0.15,0.7,-0.5,False,0.57,-29.8,10.1,-28.3,8.9,True,False,True,REJECT
0.2,0.15,0.7,-0.5,True,0.58,-29.8,10.9,-28.3,9.2,True,False,True,REJECT
0.2,0.15,0.85,-0.2,False,0.57,-29.8,10.1,-27.1,7.9,True,False,True,REJECT
0.2,0.15,0.85,-0.2,True,0.58,-29.8,10.9,-27.1,8.2,True,False,True,REJECT
0.2,0.15,0.85,-0.3,False,0.57,-29.8,10.1,-27.8,8.0,True,False,True,REJECT
0.2,0.15,0.85,-0.3,True,0.58,-29.8,10.9,-27.8,8.4,True,False,True,REJECT
0.2,0.15,0.85,-0.4,False,0.57,-29.8,10.1,-29.2,8.0,True,False,True,REJECT
0.2,0.15,0.85,-0.4,True,0.58,-29.8,10.9,-29.2,8.3,True,False,True,REJECT
0.2,0.15,0.85,-0.5,False,0.57,-29.8,10.1,-28.3,8.9,True,False,True,REJECT
0.2,0.15,0.85,-0.5,True,0.58,-29.8,10.9,-28.3,9.2,True,False,True,REJECT
0.2,0.15,1.0,-0.2,False,0.57,-29.8,10.1,-27.1,7.9,True,False,True,REJECT
0.2,0.15,1.0,-0.2,True,0.58,-29.8,10.9,-27.1,8.2,True,False,True,REJECT
0.2,0.15,1.0,-0.3,False,0.57,-29.8,10.1,-27.8,8.0,True,False,True,REJECT
0.2,0.15,1.0,-0.3,True,0.58,-29.8,10.9,-27.8,8.4,True,False,True,REJECT
0.2,0.15,1.0,-0.4,False,0.57,-29.8,10.1,-29.2,8.0,True,False,True,REJECT
0.2,0.15,1.0,-0.4,True,0.58,-29.8,10.9,-29.2,8.3,True,False,True,REJECT
0.2,0.15,1.0,-0.5,False,0.57,-29.8,10.1,-28.3,8.9,True,False,True,REJECT
0.2,0.15,1.0,-0.5,True,0.58,-29.8,10.9,-28.3,9.2,True,False,True,REJECT
0.2,0.2,0.6,-0.2,False,-0.0,-0.0,1.5,-0.0,2.5,True,False,False,REJECT
0.2,0.2,0.6,-0.2,True,-0.0,-0.0,1.5,-0.0,2.5,True,False,False,REJECT
0.2,0.2,0.6,-0.3,False,-0.0,-0.0,1.5,-0.0,2.5,True,False,False,REJECT
0.2,0.2,0.6,-0.3,True,-0.0,-0.0,1.5,-0.0,2.5,True,False,False,REJECT
0.2,0.2,0.6,-0.4,False,-0.0,-0.0,1.5,-0.0,2.5,True,False,False,REJECT
0.2,0.2,0.6,-0.4,True,-0.0,-0.0,1.5,-0.0,2.5,True,False,False,REJECT
0.2,0.2,0.6,-0.5,False,-0.0,-0.0,1.5,-0.0,2.5,True,False,False,REJECT
0.2,0.2,0.6,-0.5,True,-0.0,-0.0,1.5,-0.0,2.5,True,False,False,REJECT
0.2,0.2,0.7,-0.2,False,-0.0,-0.0,1.5,-0.0,2.5,True,False,False,REJECT
0.2,0.2,0.7,-0.2,True,-0.0,-0.0,1.5,-0.0,2.5,True,False,False,REJECT
0.2,0.2,0.7,-0.3,False,-0.0,-0.0,1.5,-0.0,2.5,True,False,False,REJECT
0.2,0.2,0.7,-0.3,True,-0.0,-0.0,1.5,-0.0,2.5,True,False,False,REJECT
0.2,0.2,0.7,-0.4,False,-0.0,-0.0,1.5,-0.0,2.5,True,False,False,REJECT
0.2,0.2,0.7,-0.4,True,-0.0,-0.0,1.5,-0.0,2.5,True,False,False,REJECT
0.2,0.2,0.7,-0.5,False,-0.0,-0.0,1.5,-0.0,2.5,True,False,False,REJECT
0.2,0.2,0.7,-0.5,True,-0.0,-0.0,1.5,-0.0,2.5,True,False,False,REJECT
0.2,0.2,0.85,-0.2,False,-0.0,-0.0,1.5,-0.0,2.5,True,False,False,REJECT
0.2,0.2,0.85,-0.2,True,-0.0,-0.0,1.5,-0.0,2.5,True,False,False,REJECT
0.2,0.2,0.85,-0.3,False,-0.0,-0.0,1.5,-0.0,2.5,True,False,False,REJECT
0.2,0.2,0.85,-0.3,True,-0.0,-0.0,1.5,-0.0,2.5,True,False,False,REJECT
0.2,0.2,0.85,-0.4,False,-0.0,-0.0,1.5,-0.0,2.5,True,False,False,REJECT
0.2,0.2,0.85,-0.4,True,-0.0,-0.0,1.5,-0.0,2.5,True,False,False,REJECT
0.2,0.2,0.85,-0.5,False,-0.0,-0.0,1.5,-0.0,2.5,True,False,False,REJECT
0.2,0.2,0.85,-0.5,True,-0.0,-0.0,1.5,-0.0,2.5,True,False,False,REJECT
0.2,0.2,1.0,-0.2,False,-0.0,-0.0,1.5,-0.0,2.5,True,False,False,REJECT
0.2,0.2,1.0,-0.2,True,-0.0,-0.0,1.5,-0.0,2.5,True,False,False,REJECT
0.2,0.2,1.0,-0.3,False,-0.0,-0.0,1.5,-0.0,2.5,True,False,False,REJECT
0.2,0.2,1.0,-0.3,True,-0.0,-0.0,1.5,-0.0,2.5,True,False,False,REJECT
0.2,0.2,1.0,-0.4,False,-0.0,-0.0,1.5,-0.0,2.5,True,False,False,REJECT
0.2,0.2,1.0,-0.4,True,-0.0,-0.0,1.5,-0.0,2.5,True,False,False,REJECT
0.2,0.2,1.0,-0.5,False,-0.0,-0.0,1.5,-0.0,2.5,True,False,False,REJECT
0.2,0.2,1.0,-0.5,True,-0.0,-0.0,1.5,-0.0,2.5,True,False,False,REJECT
0.2,0.25,0.6,-0.2,False,-0.0,-0.0,1.5,-0.0,2.5,True,False,False,REJECT
0.2,0.25,0.6,-0.2,True,-0.0,-0.0,1.5,-0.0,2.5,True,False,False,REJECT
0.2,0.25,0.6,-0.3,False,-0.0,-0.0,1.5,-0.0,2.5,True,False,False,REJECT
0.2,0.25,0.6,-0.3,True,-0.0,-0.0,1.5,-0.0,2.5,True,False,False,REJECT
0.2,0.25,0.6,-0.4,False,-0.0,-0.0,1.5,-0.0,2.5,True,False,False,REJECT
0.2,0.25,0.6,-0.4,True,-0.0,-0.0,1.5,-0.0,2.5,True,False,False,REJECT
0.2,0.25,0.6,-0.5,False,-0.0,-0.0,1.5,-0.0,2.5,True,False,False,REJECT
0.2,0.25,0.6,-0.5,True,-0.0,-0.0,1.5,-0.0,2.5,True,False,False,REJECT
0.2,0.25,0.7,-0.2,False,-0.0,-0.0,1.5,-0.0,2.5,True,False,False,REJECT
0.2,0.25,0.7,-0.2,True,-0.0,-0.0,1.5,-0.0,2.5,True,False,False,REJECT
0.2,0.25,0.7,-0.3,False,-0.0,-0.0,1.5,-0.0,2.5,True,False,False,REJECT
0.2,0.25,0.7,-0.3,True,-0.0,-0.0,1.5,-0.0,2.5,True,False,False,REJECT
0.2,0.25,0.7,-0.4,False,-0.0,-0.0,1.5,-0.0,2.5,True,False,False,REJECT
0.2,0.25,0.7,-0.4,True,-0.0,-0.0,1.5,-0.0,2.5,True,False,False,REJECT
0.2,0.25,0.7,-0.5,False,-0.0,-0.0,1.5,-0.0,2.5,True,False,False,REJECT
0.2,0.25,0.7,-0.5,True,-0.0,-0.0,1.5,-0.0,2.5,True,False,False,REJECT
0.2,0.25,0.85,-0.2,False,-0.0,-0.0,1.5,-0.0,2.5,True,False,False,REJECT
0.2,0.25,0.85,-0.2,True,-0.0,-0.0,1.5,-0.0,2.5,True,False,False,REJECT
0.2,0.25,0.85,-0.3,False,-0.0,-0.0,1.5,-0.0,2.5,True,False,False,REJECT
0.2,0.25,0.85,-0.3,True,-0.0,-0.0,1.5,-0.0,2.5,True,False,False,REJECT
0.2,0.25,0.85,-0.4,False,-0.0,-0.0,1.5,-0.0,2.5,True,False,False,REJECT
0.2,0.25,0.85,-0.4,True,-0.0,-0.0,1.5,-0.0,2.5,True,False,False,REJECT
0.2,0.25,0.85,-0.5,False,-0.0,-0.0,1.5,-0.0,2.5,True,False,False,REJECT
0.2,0.25,0.85,-0.5,True,-0.0,-0.0,1.5,-0.0,2.5,True,False,False,REJECT
0.2,0.25,1.0,-0.2,False,-0.0,-0.0,1.5,-0.0,2.5,True,False,False,REJECT
0.2,0.25,1.0,-0.2,True,-0.0,-0.0,1.5,-0.0,2.5,True,False,False,REJECT
0.2,0.25,1.0,-0.3,False,-0.0,-0.0,1.5,-0.0,2.5,True,False,False,REJECT
0.2,0.25,1.0,-0.3,True,-0.0,-0.0,1.5,-0.0,2.5,True,False,False,REJECT
0.2,0.25,1.0,-0.4,False,-0.0,-0.0,1.5,-0.0,2.5,True,False,False,REJECT
0.2,0.25,1.0,-0.4,True,-0.0,-0.0,1.5,-0.0,2.5,True,False,False,REJECT
0.2,0.25,1.0,-0.5,False,-0.0,-0.0,1.5,-0.0,2.5,True,False,False,REJECT
0.2,0.25,1.0,-0.5,True,-0.0,-0.0,1.5,-0.0,2.5,True,False,False,REJECT
0.3,0.05,0.6,-0.2,False,0.7,-29.9,14.7,-50.6,10.8,True,False,True,REJECT
0.3,0.05,0.6,-0.2,True,0.7,-29.9,14.9,-50.6,10.7,True,False,True,REJECT
0.3,0.05,0.6,-0.3,False,0.65,-31.1,14.7,-48.2,11.7,True,False,True,REJECT
0.3,0.05,0.6,-0.3,True,0.66,-31.1,14.9,-48.2,11.7,True,False,True,REJECT
0.3,0.05,0.6,-0.4,False,0.68,-34.9,15.9,-46.2,12.9,True,False,True,REJECT
0.3,0.05,0.6,-0.4,True,0.68,-34.9,15.9,-46.2,12.8,True,False,True,REJECT
0.3,0.05,0.6,-0.5,False,0.68,-34.3,16.3,-52.3,12.7,True,False,True,REJECT
0.3,0.05,0.6,-0.5,True,0.69,-34.3,16.6,-52.3,12.7,True,False,True,REJECT
0.3,0.05,0.7,-0.2,False,0.7,-29.9,14.7,-50.6,10.8,True,False,True,REJECT
0.3,0.05,0.7,-0.2,True,0.7,-29.9,14.9,-50.6,10.7,True,False,True,REJECT
0.3,0.05,0.7,-0.3,False,0.65,-31.1,14.7,-48.2,11.7,True,False,True,REJECT
0.3,0.05,0.7,-0.3,True,0.66,-31.1,14.9,-48.2,11.7,True,False,True,REJECT
0.3,0.05,0.7,-0.4,False,0.68,-34.9,15.9,-46.2,12.9,True,False,True,REJECT
0.3,0.05,0.7,-0.4,True,0.68,-34.9,15.9,-46.2,12.8,True,False,True,REJECT
0.3,0.05,0.7,-0.5,False,0.68,-34.3,16.3,-52.3,12.7,True,False,True,REJECT
0.3,0.05,0.7,-0.5,True,0.69,-34.3,16.6,-52.3,12.7,True,False,True,REJECT
0.3,0.05,0.85,-0.2,False,0.7,-29.9,14.7,-50.6,10.8,True,False,True,REJECT
0.3,0.05,0.85,-0.2,True,0.7,-29.9,14.9,-50.6,10.7,True,False,True,REJECT
0.3,0.05,0.85,-0.3,False,0.65,-31.1,14.7,-48.2,11.7,True,False,True,REJECT
0.3,0.05,0.85,-0.3,True,0.66,-31.1,14.9,-48.2,11.7,True,False,True,REJECT
0.3,0.05,0.85,-0.4,False,0.68,-34.9,15.9,-46.2,12.9,True,False,True,REJECT
0.3,0.05,0.85,-0.4,True,0.68,-34.9,15.9,-46.2,12.8,True,False,True,REJECT
0.3,0.05,0.85,-0.5,False,0.68,-34.3,16.3,-52.3,12.7,True,False,True,REJECT
0.3,0.05,0.85,-0.5,True,0.69,-34.3,16.6,-52.3,12.7,True,False,True,REJECT
0.3,0.05,1.0,-0.2,False,0.7,-29.9,14.7,-50.6,10.8,True,False,True,REJECT
0.3,0.05,1.0,-0.2,True,0.7,-29.9,14.9,-50.6,10.7,True,False,True,REJECT
0.3,0.05,1.0,-0.3,False,0.65,-31.1,14.7,-48.2,11.7,True,False,True,REJECT
0.3,0.05,1.0,-0.3,True,0.66,-31.1,14.9,-48.2,11.7,True,False,True,REJECT
0.3,0.05,1.0,-0.4,False,0.68,-34.9,15.9,-46.2,12.9,True,False,True,REJECT
0.3,0.05,1.0,-0.4,True,0.68,-34.9,15.9,-46.2,12.8,True,False,True,REJECT
0.3,0.05,1.0,-0.5,False,0.68,-34.3,16.3,-52.3,12.7,True,False,True,REJECT
0.3,0.05,1.0,-0.5,True,0.69,-34.3,16.6,-52.3,12.7,True,False,True,REJECT
0.3,0.1,0.6,-0.2,False,0.67,-30.6,15.0,-49.9,11.1,True,False,True,REJECT
0.3,0.1,0.6,-0.2,True,0.67,-30.6,15.2,-49.9,11.1,True,False,True,REJECT
0.3,0.1,0.6,-0.3,False,0.67,-34.7,15.2,-45.1,11.3,True,False,True,REJECT
0.3,0.1,0.6,-0.3,True,0.67,-34.7,15.3,-45.1,11.3,True,False,True,REJECT
0.3,0.1,0.6,-0.4,False,0.68,-35.0,15.8,-47.6,12.4,True,False,True,REJECT
0.3,0.1,0.6,-0.4,True,0.69,-35.0,15.8,-47.6,12.3,True,False,True,REJECT
0.3,0.1,0.6,-0.5,False,0.69,-35.9,16.8,-48.2,13.1,True,False,True,REJECT
0.3,0.1,0.6,-0.5,True,0.7,-35.9,17.0,-48.2,13.0,True,False,True,REJECT
0.3,0.1,0.7,-0.2,False,0.67,-30.6,15.0,-49.9,11.1,True,False,True,REJECT
0.3,0.1,0.7,-0.2,True,0.67,-30.6,15.2,-49.9,11.1,True,False,True,REJECT
0.3,0.1,0.7,-0.3,False,0.67,-34.7,15.2,-45.1,11.3,True,False,True,REJECT
0.3,0.1,0.7,-0.3,True,0.67,-34.7,15.3,-45.1,11.3,True,False,True,REJECT
0.3,0.1,0.7,-0.4,False,0.68,-35.0,15.8,-47.6,12.4,True,False,True,REJECT
0.3,0.1,0.7,-0.4,True,0.69,-35.0,15.8,-47.6,12.3,True,False,True,REJECT
0.3,0.1,0.7,-0.5,False,0.69,-35.9,16.8,-48.2,13.1,True,False,True,REJECT
0.3,0.1,0.7,-0.5,True,0.7,-35.9,17.0,-48.2,13.0,True,False,True,REJECT
0.3,0.1,0.85,-0.2,False,0.67,-30.6,15.0,-49.9,11.1,True,False,True,REJECT
0.3,0.1,0.85,-0.2,True,0.67,-30.6,15.2,-49.9,11.1,True,False,True,REJECT
0.3,0.1,0.85,-0.3,False,0.67,-34.7,15.2,-45.1,11.3,True,False,True,REJECT
0.3,0.1,0.85,-0.3,True,0.67,-34.7,15.3,-45.1,11.3,True,False,True,REJECT
0.3,0.1,0.85,-0.4,False,0.68,-35.0,15.8,-47.6,12.4,True,False,True,REJECT
0.3,0.1,0.85,-0.4,True,0.69,-35.0,15.8,-47.6,12.3,True,False,True,REJECT
0.3,0.1,0.85,-0.5,False,0.69,-35.9,16.8,-48.2,13.1,True,False,True,REJECT
0.3,0.1,0.85,-0.5,True,0.7,-35.9,17.0,-48.2,13.0,True,False,True,REJECT
0.3,0.1,1.0,-0.2,False,0.67,-30.6,15.0,-49.9,11.1,True,False,True,REJECT
0.3,0.1,1.0,-0.2,True,0.67,-30.6,15.2,-49.9,11.1,True,False,True,REJECT
0.3,0.1,1.0,-0.3,False,0.67,-34.7,15.2,-45.1,11.3,True,False,True,REJECT
0.3,0.1,1.0,-0.3,True,0.67,-34.7,15.3,-45.1,11.3,True,False,True,REJECT
0.3,0.1,1.0,-0.4,False,0.68,-35.0,15.8,-47.6,12.4,True,False,True,REJECT
0.3,0.1,1.0,-0.4,True,0.69,-35.0,15.8,-47.6,12.3,True,False,True,REJECT
0.3,0.1,1.0,-0.5,False,0.69,-35.9,16.8,-48.2,13.1,True,False,True,REJECT
0.3,0.1,1.0,-0.5,True,0.7,-35.9,17.0,-48.2,13.0,True,False,True,REJECT
0.3,0.15,0.6,-0.2,False,0.67,-32.8,15.4,-55.8,11.2,True,False,True,REJECT
0.3,0.15,0.6,-0.2,True,0.67,-32.8,15.4,-62.1,9.7,False,False,True,REJECT
0.3,0.15,0.6,-0.3,False,0.65,-37.6,16.0,-57.0,11.9,True,False,True,REJECT
0.3,0.15,0.6,-0.3,True,0.66,-37.6,16.2,-61.7,10.5,False,False,True,REJECT
0.3,0.15,0.6,-0.4,False,0.72,-36.0,17.6,-43.4,13.6,True,False,True,REJECT
0.3,0.15,0.6,-0.4,True,0.73,-35.9,17.6,-43.4,13.0,True,False,True,REJECT
0.3,0.15,0.6,-0.5,False,0.73,-38.2,17.6,-52.5,13.4,True,False,True,REJECT
0.3,0.15,0.6,-0.5,True,0.74,-33.2,18.1,-52.5,12.7,True,False,True,REJECT
0.3,0.15,0.7,-0.2,False,0.67,-32.8,15.4,-55.8,11.2,True,False,True,REJECT
0.3,0.15,0.7,-0.2,True,0.67,-32.8,15.4,-62.1,9.7,False,False,True,REJECT
0.3,0.15,0.7,-0.3,False,0.65,-37.6,16.0,-57.0,11.9,True,False,True,REJECT
0.3,0.15,0.7,-0.3,True,0.66,-37.6,16.2,-61.7,10.5,False,False,True,REJECT
0.3,0.15,0.7,-0.4,False,0.72,-36.0,17.6,-43.4,13.6,True,False,True,REJECT
0.3,0.15,0.7,-0.4,True,0.73,-35.9,17.6,-43.4,13.0,True,False,True,REJECT
0.3,0.15,0.7,-0.5,False,0.73,-38.2,17.6,-52.5,13.4,True,False,True,REJECT
0.3,0.15,0.7,-0.5,True,0.74,-33.2,18.1,-52.5,12.7,True,False,True,REJECT
0.3,0.15,0.85,-0.2,False,0.67,-32.8,15.4,-55.8,11.2,True,False,True,REJECT
0.3,0.15,0.85,-0.2,True,0.67,-32.8,15.4,-62.1,9.7,False,False,True,REJECT
0.3,0.15,0.85,-0.3,False,0.65,-37.6,16.0,-57.0,11.9,True,False,True,REJECT
0.3,0.15,0.85,-0.3,True,0.66,-37.6,16.2,-61.7,10.5,False,False,True,REJECT
0.3,0.15,0.85,-0.4,False,0.72,-36.0,17.6,-43.4,13.6,True,False,True,REJECT
0.3,0.15,0.85,-0.4,True,0.73,-35.9,17.6,-43.4,13.0,True,False,True,REJECT
0.3,0.15,0.85,-0.5,False,0.73,-38.2,17.6,-52.5,13.4,True,False,True,REJECT
0.3,0.15,0.85,-0.5,True,0.74,-33.2,18.1,-52.5,12.7,True,False,True,REJECT
0.3,0.15,1.0,-0.2,False,0.67,-32.8,15.4,-55.8,11.2,True,False,True,REJECT
0.3,0.15,1.0,-0.2,True,0.67,-32.8,15.4,-62.1,9.7,False,False,True,REJECT
0.3,0.15,1.0,-0.3,False,0.65,-37.6,16.0,-57.0,11.9,True,False,True,REJECT
0.3,0.15,1.0,-0.3,True,0.66,-37.6,16.2,-61.7,10.5,False,False,True,REJECT
0.3,0.15,1.0,-0.4,False,0.72,-36.0,17.6,-43.4,13.6,True,False,True,REJECT
0.3,0.15,1.0,-0.4,True,0.73,-35.9,17.6,-43.4,13.0,True,False,True,REJECT
0.3,0.15,1.0,-0.5,False,0.73,-38.2,17.6,-52.5,13.4,True,False,True,REJECT
0.3,0.15,1.0,-0.5,True,0.74,-33.2,18.1,-52.5,12.7,True,False,True,REJECT
0.3,0.2,0.6,-0.2,False,0.61,-35.3,14.1,-46.5,11.3,True,False,True,REJECT
0.3,0.2,0.6,-0.2,True,0.64,-36.0,15.3,-46.5,11.7,True,False,True,REJECT
0.3,0.2,0.6,-0.3,False,0.61,-35.3,14.1,-45.9,12.5,True,False,True,REJECT
0.3,0.2,0.6,-0.3,True,0.64,-36.0,15.3,-47.4,13.2,True,False,True,REJECT
0.3,0.2,0.6,-0.4,False,0.61,-35.3,14.1,-44.1,13.2,True,False,True,REJECT
0.3,0.2,0.6,-0.4,True,0.64,-36.0,15.3,-47.8,13.6,True,False,True,REJECT
0.3,0.2,0.6,-0.5,False,0.77,-35.3,18.8,-51.8,13.3,True,False,True,REJECT
0.3,0.2,0.6,-0.5,True,0.64,-36.0,15.3,-51.8,13.6,True,False,True,REJECT
0.3,0.2,0.7,-0.2,False,0.61,-35.3,14.1,-46.5,11.3,True,False,True,REJECT
0.3,0.2,0.7,-0.2,True,0.64,-36.0,15.3,-46.5,11.7,True,False,True,REJECT
0.3,0.2,0.7,-0.3,False,0.61,-35.3,14.1,-45.9,12.5,True,False,True,REJECT
0.3,0.2,0.7,-0.3,True,0.64,-36.0,15.3,-47.4,13.2,True,False,True,REJECT
0.3,0.2,0.7,-0.4,False,0.61,-35.3,14.1,-44.1,13.2,True,False,True,REJECT
0.3,0.2,0.7,-0.4,True,0.64,-36.0,15.3,-47.8,13.6,True,False,True,REJECT
0.3,0.2,0.7,-0.5,False,0.77,-35.3,18.8,-51.8,13.3,True,False,True,REJECT
0.3,0.2,0.7,-0.5,True,0.64,-36.0,15.3,-51.8,13.6,True,False,True,REJECT
0.3,0.2,0.85,-0.2,False,0.61,-35.3,14.1,-46.5,11.3,True,False,True,REJECT
0.3,0.2,0.85,-0.2,True,0.64,-36.0,15.3,-46.5,11.7,True,False,True,REJECT
0.3,0.2,0.85,-0.3,False,0.61,-35.3,14.1,-45.9,12.5,True,False,True,REJECT
0.3,0.2,0.85,-0.3,True,0.64,-36.0,15.3,-47.4,13.2,True,False,True,REJECT
0.3,0.2,0.85,-0.4,False,0.61,-35.3,14.1,-44.1,13.2,True,False,True,REJECT
0.3,0.2,0.85,-0.4,True,0.64,-36.0,15.3,-47.8,13.6,True,False,True,REJECT
0.3,0.2,0.85,-0.5,False,0.77,-35.3,18.8,-51.8,13.3,True,False,True,REJECT
0.3,0.2,0.85,-0.5,True,0.64,-36.0,15.3,-51.8,13.6,True,False,True,REJECT
0.3,0.2,1.0,-0.2,False,0.61,-35.3,14.1,-46.5,11.3,True,False,True,REJECT
0.3,0.2,1.0,-0.2,True,0.64,-36.0,15.3,-46.5,11.7,True,False,True,REJECT
0.3,0.2,1.0,-0.3,False,0.61,-35.3,14.1,-45.9,12.5,True,False,True,REJECT
0.3,0.2,1.0,-0.3,True,0.64,-36.0,15.3,-47.4,13.2,True,False,True,REJECT
0.3,0.2,1.0,-0.4,False,0.61,-35.3,14.1,-44.1,13.2,True,False,True,REJECT
0.3,0.2,1.0,-0.4,True,0.64,-36.0,15.3,-47.8,13.6,True,False,True,REJECT
0.3,0.2,1.0,-0.5,False,0.77,-35.3,18.8,-51.8,13.3,True,False,True,REJECT
0.3,0.2,1.0,-0.5,True,0.64,-36.0,15.3,-51.8,13.6,True,False,True,REJECT
0.3,0.25,0.6,-0.2,False,0.59,-40.6,14.0,-48.0,11.1,True,False,True,REJECT
0.3,0.25,0.6,-0.2,True,0.63,-37.8,15.8,-48.4,12.0,True,False,True,REJECT
0.3,0.25,0.6,-0.3,False,0.59,-40.6,14.0,-47.3,11.0,True,False,True,REJECT
0.3,0.25,0.6,-0.3,True,0.63,-37.8,15.8,-48.4,11.9,True,False,True,REJECT
0.3,0.25,0.6,-0.4,False,0.59,-40.6,14.0,-46.6,10.9,True,False,True,REJECT
0.3,0.25,0.6,-0.4,True,0.63,-37.8,15.8,-48.4,11.8,True,False,True,REJECT
0.3,0.25,0.6,-0.5,False,0.59,-40.6,14.0,-49.4,10.7,True,False,True,REJECT
0.3,0.25,0.6,-0.5,True,0.63,-37.8,15.8,-49.4,11.6,True,False,True,REJECT
0.3,0.25,0.7,-0.2,False,0.59,-40.6,14.0,-48.0,11.1,True,False,True,REJECT
0.3,0.25,0.7,-0.2,True,0.63,-37.8,15.8,-48.4,12.0,True,False,True,REJECT
0.3,0.25,0.7,-0.3,False,0.59,-40.6,14.0,-47.3,11.0,True,False,True,REJECT
0.3,0.25,0.7,-0.3,True,0.63,-37.8,15.8,-48.4,11.9,True,False,True,REJECT
0.3,0.25,0.7,-0.4,False,0.59,-40.6,14.0,-46.6,10.9,True,False,True,REJECT
0.3,0.25,0.7,-0.4,True,0.63,-37.8,15.8,-48.4,11.8,True,False,True,REJECT
0.3,0.25,0.7,-0.5,False,0.59,-40.6,14.0,-49.4,10.7,True,False,True,REJECT
0.3,0.25,0.7,-0.5,True,0.63,-37.8,15.8,-49.4,11.6,True,False,True,REJECT
0.3,0.25,0.85,-0.2,False,0.59,-40.6,14.0,-48.0,11.1,True,False,True,REJECT
0.3,0.25,0.85,-0.2,True,0.63,-37.8,15.8,-48.4,12.0,True,False,True,REJECT
0.3,0.25,0.85,-0.3,False,0.59,-40.6,14.0,-47.3,11.0,True,False,True,REJECT
0.3,0.25,0.85,-0.3,True,0.63,-37.8,15.8,-48.4,11.9,True,False,True,REJECT
0.3,0.25,0.85,-0.4,False,0.59,-40.6,14.0,-46.6,10.9,True,False,True,REJECT
0.3,0.25,0.85,-0.4,True,0.63,-37.8,15.8,-48.4,11.8,True,False,True,REJECT
0.3,0.25,0.85,-0.5,False,0.59,-40.6,14.0,-49.4,10.7,True,False,True,REJECT
0.3,0.25,0.85,-0.5,True,0.63,-37.8,15.8,-49.4,11.6,True,False,True,REJECT
0.3,0.25,1.0,-0.2,False,0.59,-40.6,14.0,-48.0,11.1,True,False,True,REJECT
0.3,0.25,1.0,-0.2,True,0.63,-37.8,15.8,-48.4,12.0,True,False,True,REJECT
0.3,0.25,1.0,-0.3,False,0.59,-40.6,14.0,-47.3,11.0,True,False,True,REJECT
0.3,0.25,1.0,-0.3,True,0.63,-37.8,15.8,-48.4,11.9,True,False,True,REJECT
0.3,0.25,1.0,-0.4,False,0.59,-40.6,14.0,-46.6,10.9,True,False,True,REJECT
0.3,0.25,1.0,-0.4,True,0.63,-37.8,15.8,-48.4,11.8,True,False,True,REJECT
0.3,0.25,1.0,-0.5,False,0.59,-40.6,14.0,-49.4,10.7,True,False,True,REJECT
0.3,0.25,1.0,-0.5,True,0.63,-37.8,15.8,-49.4,11.6,True,False,True,REJECT
0.4,0.05,0.6,-0.2,False,0.71,-37.1,18.9,-65.1,13.2,False,False,True,REJECT
0.4,0.05,0.6,-0.2,True,0.71,-37.1,19.1,-65.1,13.2,False,False,True,REJECT
0.4,0.05,0.6,-0.3,False,0.72,-40.5,20.4,-66.8,14.2,False,False,True,REJECT
0.4,0.05,0.6,-0.3,True,0.72,-40.5,20.7,-66.8,14.1,False,False,True,REJECT
0.4,0.05,0.6,-0.4,False,0.69,-44.4,20.4,-67.9,14.6,False,False,True,REJECT
0.4,0.05,0.6,-0.4,True,0.69,-44.4,20.4,-67.9,14.6,False,False,True,REJECT
0.4,0.05,0.6,-0.5,False,0.7,-44.4,21.0,-67.5,15.1,False,False,True,REJECT
0.4,0.05,0.6,-0.5,True,0.71,-44.4,21.3,-67.5,15.1,False,False,True,REJECT
0.4,0.05,0.7,-0.2,False,0.71,-37.1,18.9,-65.1,13.2,False,False,True,REJECT
0.4,0.05,0.7,-0.2,True,0.71,-37.1,19.1,-65.1,13.2,False,False,True,REJECT
0.4,0.05,0.7,-0.3,False,0.72,-40.5,20.4,-66.8,14.2,False,False,True,REJECT
0.4,0.05,0.7,-0.3,True,0.72,-40.5,20.7,-66.8,14.1,False,False,True,REJECT
0.4,0.05,0.7,-0.4,False,0.69,-44.4,20.4,-67.9,14.6,False,False,True,REJECT
0.4,0.05,0.7,-0.4,True,0.69,-44.4,20.4,-67.9,14.6,False,False,True,REJECT
0.4,0.05,0.7,-0.5,False,0.7,-44.4,21.0,-67.5,15.1,False,False,True,REJECT
0.4,0.05,0.7,-0.5,True,0.71,-44.4,21.3,-67.5,15.1,False,False,True,REJECT
0.4,0.05,0.85,-0.2,False,0.71,-37.1,18.9,-65.1,13.2,False,False,True,REJECT
0.4,0.05,0.85,-0.2,True,0.71,-37.1,19.1,-65.1,13.2,False,False,True,REJECT
0.4,0.05,0.85,-0.3,False,0.72,-40.5,20.4,-66.8,14.2,False,False,True,REJECT
0.4,0.05,0.85,-0.3,True,0.72,-40.5,20.7,-66.8,14.1,False,False,True,REJECT
0.4,0.05,0.85,-0.4,False,0.69,-44.4,20.4,-67.9,14.6,False,False,True,REJECT
0.4,0.05,0.85,-0.4,True,0.69,-44.4,20.4,-67.9,14.6,False,False,True,REJECT
0.4,0.05,0.85,-0.5,False,0.7,-44.4,21.0,-67.5,15.1,False,False,True,REJECT
0.4,0.05,0.85,-0.5,True,0.71,-44.4,21.3,-67.5,15.1,False,False,True,REJECT
0.4,0.05,1.0,-0.2,False,0.71,-37.1,18.9,-65.1,13.2,False,False,True,REJECT
0.4,0.05,1.0,-0.2,True,0.71,-37.1,19.1,-65.1,13.2,False,False,True,REJECT
0.4,0.05,1.0,-0.3,False,0.72,-40.5,20.4,-66.8,14.2,False,False,True,REJECT
0.4,0.05,1.0,-0.3,True,0.72,-40.5,20.7,-66.8,14.1,False,False,True,REJECT
0.4,0.05,1.0,-0.4,False,0.69,-44.4,20.4,-67.9,14.6,False,False,True,REJECT
0.4,0.05,1.0,-0.4,True,0.69,-44.4,20.4,-67.9,14.6,False,False,True,REJECT
0.4,0.05,1.0,-0.5,False,0.7,-44.4,21.0,-67.5,15.1,False,False,True,REJECT
0.4,0.05,1.0,-0.5,True,0.71,-44.4,21.3,-67.5,15.1,False,False,True,REJECT
0.4,0.1,0.6,-0.2,False,0.68,-39.4,18.7,-64.7,13.1,False,False,True,REJECT
0.4,0.1,0.6,-0.2,True,0.68,-39.4,19.1,-64.7,13.1,False,False,True,REJECT
0.4,0.1,0.6,-0.3,False,0.73,-39.1,21.1,-66.4,13.7,False,False,True,REJECT
0.4,0.1,0.6,-0.3,True,0.74,-39.1,21.4,-66.4,13.6,False,False,True,REJECT
0.4,0.1,0.6,-0.4,False,0.7,-43.9,20.7,-63.1,14.5,False,False,True,REJECT
0.4,0.1,0.6,-0.4,True,0.69,-46.5,20.0,-63.1,14.5,False,False,True,REJECT
0.4,0.1,0.6,-0.5,False,0.69,-46.1,20.6,-67.3,14.7,False,False,True,REJECT
0.4,0.1,0.6,-0.5,True,0.69,-46.1,20.8,-67.3,14.7,False,False,True,REJECT
0.4,0.1,0.7,-0.2,False,0.68,-39.4,18.7,-64.7,13.1,False,False,True,REJECT
0.4,0.1,0.7,-0.2,True,0.68,-39.4,19.1,-64.7,13.1,False,False,True,REJECT
0.4,0.1,0.7,-0.3,False,0.73,-39.1,21.1,-66.4,13.7,False,False,True,REJECT
0.4,0.1,0.7,-0.3,True,0.74,-39.1,21.4,-66.4,13.6,False,False,True,REJECT
0.4,0.1,0.7,-0.4,False,0.7,-43.9,20.7,-63.1,14.5,False,False,True,REJECT
0.4,0.1,0.7,-0.4,True,0.69,-46.5,20.0,-63.1,14.5,False,False,True,REJECT
0.4,0.1,0.7,-0.5,False,0.69,-46.1,20.6,-67.3,14.7,False,False,True,REJECT
0.4,0.1,0.7,-0.5,True,0.69,-46.1,20.8,-67.3,14.7,False,False,True,REJECT
0.4,0.1,0.85,-0.2,False,0.68,-39.4,18.7,-64.7,13.1,False,False,True,REJECT
0.4,0.1,0.85,-0.2,True,0.68,-39.4,19.1,-64.7,13.1,False,False,True,REJECT
0.4,0.1,0.85,-0.3,False,0.73,-39.1,21.1,-66.4,13.7,False,False,True,REJECT
0.4,0.1,0.85,-0.3,True,0.74,-39.1,21.4,-66.4,13.6,False,False,True,REJECT
0.4,0.1,0.85,-0.4,False,0.7,-43.9,20.7,-63.1,14.5,False,False,True,REJECT
0.4,0.1,0.85,-0.4,True,0.69,-46.5,20.0,-63.1,14.5,False,False,True,REJECT
0.4,0.1,0.85,-0.5,False,0.69,-46.1,20.6,-67.3,14.7,False,False,True,REJECT
0.4,0.1,0.85,-0.5,True,0.69,-46.1,20.8,-67.3,14.7,False,False,True,REJECT
0.4,0.1,1.0,-0.2,False,0.68,-39.4,18.7,-64.7,13.1,False,False,True,REJECT
0.4,0.1,1.0,-0.2,True,0.68,-39.4,19.1,-64.7,13.1,False,False,True,REJECT
0.4,0.1,1.0,-0.3,False,0.73,-39.1,21.1,-66.4,13.7,False,False,True,REJECT
0.4,0.1,1.0,-0.3,True,0.74,-39.1,21.4,-66.4,13.6,False,False,True,REJECT
0.4,0.1,1.0,-0.4,False,0.7,-43.9,20.7,-63.1,14.5,False,False,True,REJECT
0.4,0.1,1.0,-0.4,True,0.69,-46.5,20.0,-63.1,14.5,False,False,True,REJECT
0.4,0.1,1.0,-0.5,False,0.69,-46.1,20.6,-67.3,14.7,False,False,True,REJECT
0.4,0.1,1.0,-0.5,True,0.69,-46.1,20.8,-67.3,14.7,False,False,True,REJECT
0.4,0.15,0.6,-0.2,False,0.66,-44.3,19.1,-72.1,13.8,False,False,True,REJECT
0.4,0.15,0.6,-0.2,True,0.67,-47.7,19.5,-72.1,13.8,False,False,True,REJECT
0.4,0.15,0.6,-0.3,False,0.75,-36.0,21.9,-66.1,15.0,False,False,True,REJECT
0.4,0.15,0.6,-0.3,True,0.76,-36.0,22.1,-66.1,14.9,False,False,True,REJECT
0.4,0.15,0.6,-0.4,False,0.75,-37.1,22.2,-60.9,16.2,False,False,True,REJECT
0.4,0.15,0.6,-0.4,True,0.75,-37.1,22.3,-60.9,16.1,False,False,True,REJECT
0.4,0.15,0.6,-0.5,False,0.73,-47.7,21.9,-66.9,16.0,False,False,True,REJECT
0.4,0.15,0.6,-0.5,True,0.72,-47.7,21.7,-66.9,16.0,False,False,True,REJECT
0.4,0.15,0.7,-0.2,False,0.66,-44.3,19.1,-72.1,13.8,False,False,True,REJECT
0.4,0.15,0.7,-0.2,True,0.67,-47.7,19.5,-72.1,13.8,False,False,True,REJECT
0.4,0.15,0.7,-0.3,False,0.75,-36.0,21.9,-66.1,15.0,False,False,True,REJECT
0.4,0.15,0.7,-0.3,True,0.76,-36.0,22.1,-66.1,14.9,False,False,True,REJECT
0.4,0.15,0.7,-0.4,False,0.75,-37.1,22.2,-60.9,16.2,False,False,True,REJECT
0.4,0.15,0.7,-0.4,True,0.75,-37.1,22.3,-60.9,16.1,False,False,True,REJECT
0.4,0.15,0.7,-0.5,False,0.73,-47.7,21.9,-66.9,16.0,False,False,True,REJECT
0.4,0.15,0.7,-0.5,True,0.72,-47.7,21.7,-66.9,16.0,False,False,True,REJECT
0.4,0.15,0.85,-0.2,False,0.66,-44.3,19.1,-72.1,13.8,False,False,True,REJECT
0.4,0.15,0.85,-0.2,True,0.67,-47.7,19.5,-72.1,13.8,False,False,True,REJECT
0.4,0.15,0.85,-0.3,False,0.75,-36.0,21.9,-66.1,15.0,False,False,True,REJECT
0.4,0.15,0.85,-0.3,True,0.76,-36.0,22.1,-66.1,14.9,False,False,True,REJECT
0.4,0.15,0.85,-0.4,False,0.75,-37.1,22.2,-60.9,16.2,False,False,True,REJECT
0.4,0.15,0.85,-0.4,True,0.75,-37.1,22.3,-60.9,16.1,False,False,True,REJECT
0.4,0.15,0.85,-0.5,False,0.73,-47.7,21.9,-66.9,16.0,False,False,True,REJECT
0.4,0.15,0.85,-0.5,True,0.72,-47.7,21.7,-66.9,16.0,False,False,True,REJECT
0.4,0.15,1.0,-0.2,False,0.66,-44.3,19.1,-72.1,13.8,False,False,True,REJECT
0.4,0.15,1.0,-0.2,True,0.67,-47.7,19.5,-72.1,13.8,False,False,True,REJECT
0.4,0.15,1.0,-0.3,False,0.75,-36.0,21.9,-66.1,15.0,False,False,True,REJECT
0.4,0.15,1.0,-0.3,True,0.76,-36.0,22.1,-66.1,14.9,False,False,True,REJECT
0.4,0.15,1.0,-0.4,False,0.75,-37.1,22.2,-60.9,16.2,False,False,True,REJECT
0.4,0.15,1.0,-0.4,True,0.75,-37.1,22.3,-60.9,16.1,False,False,True,REJECT
0.4,0.15,1.0,-0.5,False,0.73,-47.7,21.9,-66.9,16.0,False,False,True,REJECT
0.4,0.15,1.0,-0.5,True,0.72,-47.7,21.7,-66.9,16.0,False,False,True,REJECT
0.4,0.2,0.6,-0.2,False,0.67,-50.7,19.8,-66.6,15.0,False,False,True,REJECT
0.4,0.2,0.6,-0.2,True,0.66,-49.4,19.6,-66.6,14.6,False,False,True,REJECT
0.4,0.2,0.6,-0.3,False,0.65,-49.5,19.4,-64.7,15.4,False,False,True,REJECT
0.4,0.2,0.6,-0.3,True,0.66,-49.4,19.6,-64.7,15.0,False,False,True,REJECT
0.4,0.2,0.6,-0.4,False,0.63,-51.7,19.1,-63.9,15.5,False,False,True,REJECT
0.4,0.2,0.6,-0.4,True,0.66,-49.4,20.3,-63.9,15.1,False,False,True,REJECT
0.4,0.2,0.6,-0.5,False,0.64,-51.7,20.1,-58.1,16.6,True,False,True,REJECT
0.4,0.2,0.6,-0.5,True,0.67,-49.4,20.6,-58.1,16.2,True,False,True,REJECT
0.4,0.2,0.7,-0.2,False,0.67,-50.7,19.8,-66.6,15.0,False,False,True,REJECT
0.4,0.2,0.7,-0.2,True,0.66,-49.4,19.6,-66.6,14.6,False,False,True,REJECT
0.4,0.2,0.7,-0.3,False,0.65,-49.5,19.4,-64.7,15.4,False,False,True,REJECT
0.4,0.2,0.7,-0.3,True,0.66,-49.4,19.6,-64.7,15.0,False,False,True,REJECT
0.4,0.2,0.7,-0.4,False,0.63,-51.7,19.1,-63.9,15.5,False,False,True,REJECT
0.4,0.2,0.7,-0.4,True,0.66,-49.4,20.3,-63.9,15.1,False,False,True,REJECT
0.4,0.2,0.7,-0.5,False,0.64,-51.7,20.1,-58.1,16.6,True,False,True,REJECT
0.4,0.2,0.7,-0.5,True,0.67,-49.4,20.6,-58.1,16.2,True,False,True,REJECT
0.4,0.2,0.85,-0.2,False,0.67,-50.7,19.8,-66.6,15.0,False,False,True,REJECT
0.4,0.2,0.85,-0.2,True,0.66,-49.4,19.6,-66.6,14.6,False,False,True,REJECT
0.4,0.2,0.85,-0.3,False,0.65,-49.5,19.4,-64.7,15.4,False,False,True,REJECT
0.4,0.2,0.85,-0.3,True,0.66,-49.4,19.6,-64.7,15.0,False,False,True,REJECT
0.4,0.2,0.85,-0.4,False,0.63,-51.7,19.1,-63.9,15.5,False,False,True,REJECT
0.4,0.2,0.85,-0.4,True,0.66,-49.4,20.3,-63.9,15.1,False,False,True,REJECT
0.4,0.2,0.85,-0.5,False,0.64,-51.7,20.1,-58.1,16.6,True,False,True,REJECT
0.4,0.2,0.85,-0.5,True,0.67,-49.4,20.6,-58.1,16.2,True,False,True,REJECT
0.4,0.2,1.0,-0.2,False,0.67,-50.7,19.8,-66.6,15.0,False,False,True,REJECT
0.4,0.2,1.0,-0.2,True,0.66,-49.4,19.6,-66.6,14.6,False,False,True,REJECT
0.4,0.2,1.0,-0.3,False,0.65,-49.5,19.4,-64.7,15.4,False,False,True,REJECT
0.4,0.2,1.0,-0.3,True,0.66,-49.4,19.6,-64.7,15.0,False,False,True,REJECT
0.4,0.2,1.0,-0.4,False,0.63,-51.7,19.1,-63.9,15.5,False,False,True,REJECT
0.4,0.2,1.0,-0.4,True,0.66,-49.4,20.3,-63.9,15.1,False,False,True,REJECT
0.4,0.2,1.0,-0.5,False,0.64,-51.7,20.1,-58.1,16.6,True,False,True,REJECT
0.4,0.2,1.0,-0.5,True,0.67,-49.4,20.6,-58.1,16.2,True,False,True,REJECT
0.4,0.25,0.6,-0.2,False,0.61,-50.4,17.3,-71.7,14.1,False,False,True,REJECT
0.4,0.25,0.6,-0.2,True,0.65,-48.0,19.6,-61.1,13.8,False,False,True,REJECT
0.4,0.25,0.6,-0.3,False,0.61,-50.4,17.3,-75.7,13.7,False,False,True,REJECT
0.4,0.25,0.6,-0.3,True,0.65,-48.0,19.6,-60.4,13.7,False,False,True,REJECT
0.4,0.25,0.6,-0.4,False,0.68,-56.6,21.3,-59.5,15.8,True,False,True,REJECT
0.4,0.25,0.6,-0.4,True,0.65,-48.0,19.6,-59.6,13.8,True,False,True,REJECT
0.4,0.25,0.6,-0.5,False,0.68,-56.6,21.6,-62.1,17.5,False,False,True,REJECT
0.4,0.25,0.6,-0.5,True,0.65,-48.0,19.6,-62.1,15.1,False,False,True,REJECT
0.4,0.25,0.7,-0.2,False,0.61,-50.4,17.3,-71.7,14.1,False,False,True,REJECT
0.4,0.25,0.7,-0.2,True,0.65,-48.0,19.6,-61.1,13.8,False,False,True,REJECT
0.4,0.25,0.7,-0.3,False,0.61,-50.4,17.3,-75.7,13.7,False,False,True,REJECT
0.4,0.25,0.7,-0.3,True,0.65,-48.0,19.6,-60.4,13.7,False,False,True,REJECT
0.4,0.25,0.7,-0.4,False,0.68,-56.6,21.3,-59.5,15.8,True,False,True,REJECT
0.4,0.25,0.7,-0.4,True,0.65,-48.0,19.6,-59.6,13.8,True,False,True,REJECT
0.4,0.25,0.7,-0.5,False,0.68,-56.6,21.6,-62.1,17.5,False,False,True,REJECT
0.4,0.25,0.7,-0.5,True,0.65,-48.0,19.6,-62.1,15.1,False,False,True,REJECT
0.4,0.25,0.85,-0.2,False,0.61,-50.4,17.3,-71.7,14.1,False,False,True,REJECT
0.4,0.25,0.85,-0.2,True,0.65,-48.0,19.6,-61.1,13.8,False,False,True,REJECT
0.4,0.25,0.85,-0.3,False,0.61,-50.4,17.3,-75.7,13.7,False,False,True,REJECT
0.4,0.25,0.85,-0.3,True,0.65,-48.0,19.6,-60.4,13.7,False,False,True,REJECT
0.4,0.25,0.85,-0.4,False,0.68,-56.6,21.3,-59.5,15.8,True,False,True,REJECT
0.4,0.25,0.85,-0.4,True,0.65,-48.0,19.6,-59.6,13.8,True,False,True,REJECT
0.4,0.25,0.85,-0.5,False,0.68,-56.6,21.6,-62.1,17.5,False,False,True,REJECT
0.4,0.25,0.85,-0.5,True,0.65,-48.0,19.6,-62.1,15.1,False,False,True,REJECT
0.4,0.25,1.0,-0.2,False,0.61,-50.4,17.3,-71.7,14.1,False,False,True,REJECT
0.4,0.25,1.0,-0.2,True,0.65,-48.0,19.6,-61.1,13.8,False,False,True,REJECT
0.4,0.25,1.0,-0.3,False,0.61,-50.4,17.3,-75.7,13.7,False,False,True,REJECT
0.4,0.25,1.0,-0.3,True,0.65,-48.0,19.6,-60.4,13.7,False,False,True,REJECT
0.4,0.25,1.0,-0.4,False,0.68,-56.6,21.3,-59.5,15.8,True,False,True,REJECT
0.4,0.25,1.0,-0.4,True,0.65,-48.0,19.6,-59.6,13.8,True,False,True,REJECT
0.4,0.25,1.0,-0.5,False,0.68,-56.6,21.6,-62.1,17.5,False,False,True,REJECT
0.4,0.25,1.0,-0.5,True,0.65,-48.0,19.6,-62.1,15.1,False,False,True,REJECT
0.5,0.05,0.6,-0.2,False,0.71,-45.0,22.6,-76.9,15.4,False,False,True,REJECT
0.5,0.05,0.6,-0.2,True,0.71,-45.0,22.9,-76.9,15.3,False,False,True,REJECT
0.5,0.05,0.6,-0.3,False,0.71,-49.7,23.9,-79.5,15.8,False,False,True,REJECT
0.5,0.05,0.6,-0.3,True,0.72,-49.7,24.2,-79.5,15.7,False,False,True,REJECT
0.5,0.05,0.6,-0.4,False,0.7,-55.5,24.3,-80.1,16.3,False,False,True,REJECT
0.5,0.05,0.6,-0.4,True,0.7,-55.5,24.3,-80.1,16.2,False,False,True,REJECT
0.5,0.05,0.6,-0.5,False,0.71,-55.0,24.9,-80.4,16.5,False,False,True,REJECT
0.5,0.05,0.6,-0.5,True,0.71,-55.0,25.2,-80.4,16.5,False,False,True,REJECT
0.5,0.05,0.7,-0.2,False,0.71,-45.0,22.6,-76.9,15.4,False,False,True,REJECT
0.5,0.05,0.7,-0.2,True,0.71,-45.0,22.9,-76.9,15.3,False,False,True,REJECT
0.5,0.05,0.7,-0.3,False,0.71,-49.7,23.9,-79.5,15.8,False,False,True,REJECT
0.5,0.05,0.7,-0.3,True,0.72,-49.7,24.2,-79.5,15.7,False,False,True,REJECT
0.5,0.05,0.7,-0.4,False,0.7,-55.5,24.3,-80.1,16.3,False,False,True,REJECT
0.5,0.05,0.7,-0.4,True,0.7,-55.5,24.3,-80.1,16.2,False,False,True,REJECT
0.5,0.05,0.7,-0.5,False,0.71,-55.0,24.9,-80.4,16.5,False,False,True,REJECT
0.5,0.05,0.7,-0.5,True,0.71,-55.0,25.2,-80.4,16.5,False,False,True,REJECT
0.5,0.05,0.85,-0.2,False,0.71,-45.0,22.6,-76.9,15.4,False,False,True,REJECT
0.5,0.05,0.85,-0.2,True,0.71,-45.0,22.9,-76.9,15.3,False,False,True,REJECT
0.5,0.05,0.85,-0.3,False,0.71,-49.7,23.9,-79.5,15.8,False,False,True,REJECT
0.5,0.05,0.85,-0.3,True,0.72,-49.7,24.2,-79.5,15.7,False,False,True,REJECT
0.5,0.05,0.85,-0.4,False,0.7,-55.5,24.3,-80.1,16.3,False,False,True,REJECT
0.5,0.05,0.85,-0.4,True,0.7,-55.5,24.3,-80.1,16.2,False,False,True,REJECT
0.5,0.05,0.85,-0.5,False,0.71,-55.0,24.9,-80.4,16.5,False,False,True,REJECT
0.5,0.05,0.85,-0.5,True,0.71,-55.0,25.2,-80.4,16.5,False,False,True,REJECT
0.5,0.05,1.0,-0.2,False,0.71,-45.0,22.6,-76.9,15.4,False,False,True,REJECT
0.5,0.05,1.0,-0.2,True,0.71,-45.0,22.9,-76.9,15.3,False,False,True,REJECT
0.5,0.05,1.0,-0.3,False,0.71,-49.7,23.9,-79.5,15.8,False,False,True,REJECT
0.5,0.05,1.0,-0.3,True,0.72,-49.7,24.2,-79.5,15.7,False,False,True,REJECT
0.5,0.05,1.0,-0.4,False,0.7,-55.5,24.3,-80.1,16.3,False,False,True,REJECT
0.5,0.05,1.0,-0.4,True,0.7,-55.5,24.3,-80.1,16.2,False,False,True,REJECT
0.5,0.05,1.0,-0.5,False,0.71,-55.0,24.9,-80.4,16.5,False,False,True,REJECT
0.5,0.05,1.0,-0.5,True,0.71,-55.0,25.2,-80.4,16.5,False,False,True,REJECT
0.5,0.1,0.6,-0.2,False,0.68,-49.5,22.3,-77.6,14.7,False,False,True,REJECT
0.5,0.1,0.6,-0.2,True,0.69,-49.5,22.8,-77.6,14.6,False,False,True,REJECT
0.5,0.1,0.6,-0.3,False,0.74,-47.3,25.3,-79.2,15.3,False,False,True,REJECT
0.5,0.1,0.6,-0.3,True,0.75,-47.3,25.7,-79.2,15.2,False,False,True,REJECT
0.5,0.1,0.6,-0.4,False,0.7,-53.4,24.3,-76.4,16.8,False,False,True,REJECT
0.5,0.1,0.6,-0.4,True,0.71,-53.4,24.5,-76.4,16.7,False,False,True,REJECT
0.5,0.1,0.6,-0.5,False,0.72,-52.7,25.4,-83.2,15.9,False,False,True,REJECT
0.5,0.1,0.6,-0.5,True,0.72,-56.6,25.5,-83.2,15.8,False,False,True,REJECT
0.5,0.1,0.7,-0.2,False,0.68,-49.5,22.3,-77.6,14.7,False,False,True,REJECT
0.5,0.1,0.7,-0.2,True,0.69,-49.5,22.8,-77.6,14.6,False,False,True,REJECT
0.5,0.1,0.7,-0.3,False,0.74,-47.3,25.3,-79.2,15.3,False,False,True,REJECT
0.5,0.1,0.7,-0.3,True,0.75,-47.3,25.7,-79.2,15.2,False,False,True,REJECT
0.5,0.1,0.7,-0.4,False,0.7,-53.4,24.3,-76.4,16.8,False,False,True,REJECT
0.5,0.1,0.7,-0.4,True,0.71,-53.4,24.5,-76.4,16.7,False,False,True,REJECT
0.5,0.1,0.7,-0.5,False,0.72,-52.7,25.4,-83.2,15.9,False,False,True,REJECT
0.5,0.1,0.7,-0.5,True,0.72,-56.6,25.5,-83.2,15.8,False,False,True,REJECT
0.5,0.1,0.85,-0.2,False,0.68,-49.5,22.3,-77.6,14.7,False,False,True,REJECT
0.5,0.1,0.85,-0.2,True,0.69,-49.5,22.8,-77.6,14.6,False,False,True,REJECT
0.5,0.1,0.85,-0.3,False,0.74,-47.3,25.3,-79.2,15.3,False,False,True,REJECT
0.5,0.1,0.85,-0.3,True,0.75,-47.3,25.7,-79.2,15.2,False,False,True,REJECT
0.5,0.1,0.85,-0.4,False,0.7,-53.4,24.3,-76.4,16.8,False,False,True,REJECT
0.5,0.1,0.85,-0.4,True,0.71,-53.4,24.5,-76.4,16.7,False,False,True,REJECT
0.5,0.1,0.85,-0.5,False,0.72,-52.7,25.4,-83.2,15.9,False,False,True,REJECT
0.5,0.1,0.85,-0.5,True,0.72,-56.6,25.5,-83.2,15.8,False,False,True,REJECT
0.5,0.1,1.0,-0.2,False,0.68,-49.5,22.3,-77.6,14.7,False,False,True,REJECT
0.5,0.1,1.0,-0.2,True,0.69,-49.5,22.8,-77.6,14.6,False,False,True,REJECT
0.5,0.1,1.0,-0.3,False,0.74,-47.3,25.3,-79.2,15.3,False,False,True,REJECT
0.5,0.1,1.0,-0.3,True,0.75,-47.3,25.7,-79.2,15.2,False,False,True,REJECT
0.5,0.1,1.0,-0.4,False,0.7,-53.4,24.3,-76.4,16.8,False,False,True,REJECT
0.5,0.1,1.0,-0.4,True,0.71,-53.4,24.5,-76.4,16.7,False,False,True,REJECT
0.5,0.1,1.0,-0.5,False,0.72,-52.7,25.4,-83.2,15.9,False,False,True,REJECT
0.5,0.1,1.0,-0.5,True,0.72,-56.6,25.5,-83.2,15.8,False,False,True,REJECT
0.5,0.15,0.6,-0.2,False,0.67,-53.4,22.2,-81.8,15.4,False,False,True,REJECT
0.5,0.15,0.6,-0.2,True,0.68,-54.4,22.9,-81.8,15.3,False,False,True,REJECT
0.5,0.15,0.6,-0.3,False,0.71,-56.8,24.7,-81.8,16.3,False,False,True,REJECT
0.5,0.15,0.6,-0.3,True,0.72,-56.8,25.1,-81.8,16.2,False,False,True,REJECT
0.5,0.15,0.6,-0.4,False,0.72,-58.3,24.8,-74.3,18.4,False,False,True,REJECT
0.5,0.15,0.6,-0.4,True,0.72,-51.0,25.5,-74.3,18.4,False,False,True,REJECT
0.5,0.15,0.6,-0.5,False,0.73,-55.1,25.8,-79.6,17.7,False,False,True,REJECT
0.5,0.15,0.6,-0.5,True,0.71,-54.3,25.3,-79.6,17.6,False,False,True,REJECT
0.5,0.15,0.7,-0.2,False,0.67,-53.4,22.2,-81.8,15.4,False,False,True,REJECT
0.5,0.15,0.7,-0.2,True,0.68,-54.4,22.9,-81.8,15.3,False,False,True,REJECT
0.5,0.15,0.7,-0.3,False,0.71,-56.8,24.7,-81.8,16.3,False,False,True,REJECT
0.5,0.15,0.7,-0.3,True,0.72,-56.8,25.1,-81.8,16.2,False,False,True,REJECT
0.5,0.15,0.7,-0.4,False,0.72,-58.3,24.8,-74.3,18.4,False,False,True,REJECT
0.5,0.15,0.7,-0.4,True,0.72,-51.0,25.5,-74.3,18.4,False,False,True,REJECT
0.5,0.15,0.7,-0.5,False,0.73,-55.1,25.8,-79.6,17.7,False,False,True,REJECT
0.5,0.15,0.7,-0.5,True,0.71,-54.3,25.3,-79.6,17.6,False,False,True,REJECT
0.5,0.15,0.85,-0.2,False,0.67,-53.4,22.2,-81.8,15.4,False,False,True,REJECT
0.5,0.15,0.85,-0.2,True,0.68,-54.4,22.9,-81.8,15.3,False,False,True,REJECT
0.5,0.15,0.85,-0.3,False,0.71,-56.8,24.7,-81.8,16.3,False,False,True,REJECT
0.5,0.15,0.85,-0.3,True,0.72,-56.8,25.1,-81.8,16.2,False,False,True,REJECT
0.5,0.15,0.85,-0.4,False,0.72,-58.3,24.8,-74.3,18.4,False,False,True,REJECT
0.5,0.15,0.85,-0.4,True,0.72,-51.0,25.5,-74.3,18.4,False,False,True,REJECT
0.5,0.15,0.85,-0.5,False,0.73,-55.1,25.8,-79.6,17.7,False,False,True,REJECT
0.5,0.15,0.85,-0.5,True,0.71,-54.3,25.3,-79.6,17.6,False,False,True,REJECT
0.5,0.15,1.0,-0.2,False,0.67,-53.4,22.2,-81.8,15.4,False,False,True,REJECT
0.5,0.15,1.0,-0.2,True,0.68,-54.4,22.9,-81.8,15.3,False,False,True,REJECT
0.5,0.15,1.0,-0.3,False,0.71,-56.8,24.7,-81.8,16.3,False,False,True,REJECT
0.5,0.15,1.0,-0.3,True,0.72,-56.8,25.1,-81.8,16.2,False,False,True,REJECT
0.5,0.15,1.0,-0.4,False,0.72,-58.3,24.8,-74.3,18.4,False,False,True,REJECT
0.5,0.15,1.0,-0.4,True,0.72,-51.0,25.5,-74.3,18.4,False,False,True,REJECT
0.5,0.15,1.0,-0.5,False,0.73,-55.1,25.8,-79.6,17.7,False,False,True,REJECT
0.5,0.15,1.0,-0.5,True,0.71,-54.3,25.3,-79.6,17.6,False,False,True,REJECT
0.5,0.2,0.6,-0.2,False,0.67,-56.2,23.3,-82.8,15.6,False,False,True,REJECT
0.5,0.2,0.6,-0.2,True,0.69,-55.0,23.9,-82.8,15.6,False,False,True,REJECT
0.5,0.2,0.6,-0.3,False,0.7,-55.0,24.4,-82.3,17.1,False,False,True,REJECT
0.5,0.2,0.6,-0.3,True,0.7,-55.0,24.6,-82.3,17.0,False,False,True,REJECT
0.5,0.2,0.6,-0.4,False,0.68,-58.4,24.0,-82.4,18.0,False,False,True,REJECT
0.5,0.2,0.6,-0.4,True,0.71,-55.0,25.3,-82.4,17.9,False,False,True,REJECT
0.5,0.2,0.6,-0.5,False,0.69,-58.4,24.8,-80.8,17.9,False,False,True,REJECT
0.5,0.2,0.6,-0.5,True,0.71,-55.0,25.4,-80.8,17.8,False,False,True,REJECT
0.5,0.2,0.7,-0.2,False,0.67,-56.2,23.3,-82.8,15.6,False,False,True,REJECT
0.5,0.2,0.7,-0.2,True,0.69,-55.0,23.9,-82.8,15.6,False,False,True,REJECT
0.5,0.2,0.7,-0.3,False,0.7,-55.0,24.4,-82.3,17.1,False,False,True,REJECT
0.5,0.2,0.7,-0.3,True,0.7,-55.0,24.6,-82.3,17.0,False,False,True,REJECT
0.5,0.2,0.7,-0.4,False,0.68,-58.4,24.0,-82.4,18.0,False,False,True,REJECT
0.5,0.2,0.7,-0.4,True,0.71,-55.0,25.3,-82.4,17.9,False,False,True,REJECT
0.5,0.2,0.7,-0.5,False,0.69,-58.4,24.8,-80.8,17.9,False,False,True,REJECT
0.5,0.2,0.7,-0.5,True,0.71,-55.0,25.4,-80.8,17.8,False,False,True,REJECT
0.5,0.2,0.85,-0.2,False,0.67,-56.2,23.3,-82.8,15.6,False,False,True,REJECT
0.5,0.2,0.85,-0.2,True,0.69,-55.0,23.9,-82.8,15.6,False,False,True,REJECT
0.5,0.2,0.85,-0.3,False,0.7,-55.0,24.4,-82.3,17.1,False,False,True,REJECT
0.5,0.2,0.85,-0.3,True,0.7,-55.0,24.6,-82.3,17.0,False,False,True,REJECT
0.5,0.2,0.85,-0.4,False,0.68,-58.4,24.0,-82.4,18.0,False,False,True,REJECT
0.5,0.2,0.85,-0.4,True,0.71,-55.0,25.3,-82.4,17.9,False,False,True,REJECT
0.5,0.2,0.85,-0.5,False,0.69,-58.4,24.8,-80.8,17.9,False,False,True,REJECT
0.5,0.2,0.85,-0.5,True,0.71,-55.0,25.4,-80.8,17.8,False,False,True,REJECT
0.5,0.2,1.0,-0.2,False,0.67,-56.2,23.3,-82.8,15.6,False,False,True,REJECT
0.5,0.2,1.0,-0.2,True,0.69,-55.0,23.9,-82.8,15.6,False,False,True,REJECT
0.5,0.2,1.0,-0.3,False,0.7,-55.0,24.4,-82.3,17.1,False,False,True,REJECT
0.5,0.2,1.0,-0.3,True,0.7,-55.0,24.6,-82.3,17.0,False,False,True,REJECT
0.5,0.2,1.0,-0.4,False,0.68,-58.4,24.0,-82.4,18.0,False,False,True,REJECT
0.5,0.2,1.0,-0.4,True,0.71,-55.0,25.3,-82.4,17.9,False,False,True,REJECT
0.5,0.2,1.0,-0.5,False,0.69,-58.4,24.8,-80.8,17.9,False,False,True,REJECT
0.5,0.2,1.0,-0.5,True,0.71,-55.0,25.4,-80.8,17.8,False,False,True,REJECT
0.5,0.25,0.6,-0.2,False,0.69,-52.1,23.4,-86.0,14.4,False,False,True,REJECT
0.5,0.25,0.6,-0.2,True,0.73,-49.1,26.0,-86.0,14.2,False,False,True,REJECT
0.5,0.25,0.6,-0.3,False,0.71,-50.5,25.7,-85.7,14.7,False,False,True,REJECT
0.5,0.25,0.6,-0.3,True,0.73,-49.1,26.1,-85.7,14.6,False,False,True,REJECT
0.5,0.25,0.6,-0.4,False,0.7,-55.0,25.3,-85.4,14.8,False,False,True,REJECT
0.5,0.25,0.6,-0.4,True,0.72,-49.9,26.2,-85.4,14.7,False,False,True,REJECT
0.5,0.25,0.6,-0.5,False,0.71,-55.0,26.0,-74.0,18.1,False,False,True,REJECT
0.5,0.25,0.6,-0.5,True,0.72,-49.9,26.2,-74.0,18.0,False,False,True,REJECT
0.5,0.25,0.7,-0.2,False,0.69,-52.1,23.4,-86.0,14.4,False,False,True,REJECT
0.5,0.25,0.7,-0.2,True,0.73,-49.1,26.0,-86.0,14.2,False,False,True,REJECT
0.5,0.25,0.7,-0.3,False,0.71,-50.5,25.7,-85.7,14.7,False,False,True,REJECT
0.5,0.25,0.7,-0.3,True,0.73,-49.1,26.1,-85.7,14.6,False,False,True,REJECT
0.5,0.25,0.7,-0.4,False,0.7,-55.0,25.3,-85.4,14.8,False,False,True,REJECT
0.5,0.25,0.7,-0.4,True,0.72,-49.9,26.2,-85.4,14.7,False,False,True,REJECT
0.5,0.25,0.7,-0.5,False,0.71,-55.0,26.0,-74.0,18.1,False,False,True,REJECT
0.5,0.25,0.7,-0.5,True,0.72,-49.9,26.2,-74.0,18.0,False,False,True,REJECT
0.5,0.25,0.85,-0.2,False,0.69,-52.1,23.4,-86.0,14.4,False,False,True,REJECT
0.5,0.25,0.85,-0.2,True,0.73,-49.1,26.0,-86.0,14.2,False,False,True,REJECT
0.5,0.25,0.85,-0.3,False,0.71,-50.5,25.7,-85.7,14.7,False,False,True,REJECT
0.5,0.25,0.85,-0.3,True,0.73,-49.1,26.1,-85.7,14.6,False,False,True,REJECT
0.5,0.25,0.85,-0.4,False,0.7,-55.0,25.3,-85.4,14.8,False,False,True,REJECT
0.5,0.25,0.85,-0.4,True,0.72,-49.9,26.2,-85.4,14.7,False,False,True,REJECT
0.5,0.25,0.85,-0.5,False,0.71,-55.0,26.0,-74.0,18.1,False,False,True,REJECT
0.5,0.25,0.85,-0.5,True,0.72,-49.9,26.2,-74.0,18.0,False,False,True,REJECT
0.5,0.25,1.0,-0.2,False,0.69,-52.1,23.4,-86.0,14.4,False,False,True,REJECT
0.5,0.25,1.0,-0.2,True,0.73,-49.1,26.0,-86.0,14.2,False,False,True,REJECT
0.5,0.25,1.0,-0.3,False,0.71,-50.5,25.7,-85.7,14.7,False,False,True,REJECT
0.5,0.25,1.0,-0.3,True,0.73,-49.1,26.1,-85.7,14.6,False,False,True,REJECT
0.5,0.25,1.0,-0.4,False,0.7,-55.0,25.3,-85.4,14.8,False,False,True,REJECT
0.5,0.25,1.0,-0.4,True,0.72,-49.9,26.2,-85.4,14.7,False,False,True,REJECT
0.5,0.25,1.0,-0.5,False,0.71,-55.0,26.0,-74.0,18.1,False,False,True,REJECT
0.5,0.25,1.0,-0.5,True,0.72,-49.9,26.2,-74.0,18.0,False,False,True,REJECT
0.6,0.05,0.6,-0.2,False,0.7,-56.8,25.6,-85.3,16.4,False,False,True,REJECT
0.6,0.05,0.6,-0.2,True,0.71,-56.8,26.2,-85.3,16.3,False,False,True,REJECT
0.6,0.05,0.6,-0.3,False,0.72,-58.3,27.5,-87.8,17.0,False,False,True,REJECT
0.6,0.05,0.6,-0.3,True,0.73,-58.3,27.9,-87.8,16.9,False,False,True,REJECT
0.6,0.05,0.6,-0.4,False,0.72,-62.5,28.2,-88.3,17.3,False,False,True,REJECT
0.6,0.05,0.6,-0.4,True,0.72,-62.5,28.2,-88.3,17.2,False,False,True,REJECT
0.6,0.05,0.6,-0.5,False,0.73,-63.3,29.0,-88.6,17.9,False,False,True,REJECT
0.6,0.05,0.6,-0.5,True,0.73,-63.3,29.1,-88.6,17.8,False,False,True,REJECT
0.6,0.05,0.7,-0.2,False,0.72,-58.3,26.4,-86.5,16.2,False,False,True,REJECT
0.6,0.05,0.7,-0.2,True,0.73,-58.3,27.0,-86.5,16.0,False,False,True,REJECT
0.6,0.05,0.7,-0.3,False,0.72,-58.3,27.6,-89.2,16.1,False,False,True,REJECT
0.6,0.05,0.7,-0.3,True,0.73,-58.3,28.0,-89.2,16.0,False,False,True,REJECT
0.6,0.05,0.7,-0.4,False,0.72,-63.0,28.3,-89.2,17.0,False,False,True,REJECT
0.6,0.05,0.7,-0.4,True,0.73,-63.0,28.4,-89.2,16.9,False,False,True,REJECT
0.6,0.05,0.7,-0.5,False,0.73,-64.9,28.9,-89.3,17.7,False,False,True,REJECT
0.6,0.05,0.7,-0.5,True,0.73,-64.9,29.2,-89.3,17.6,False,False,True,REJECT
0.6,0.05,0.85,-0.2,False,0.72,-58.3,26.4,-86.5,16.2,False,False,True,REJECT
0.6,0.05,0.85,-0.2,True,0.73,-58.3,27.0,-86.5,16.0,False,False,True,REJECT
0.6,0.05,0.85,-0.3,False,0.72,-58.3,27.6,-89.2,16.1,False,False,True,REJECT
0.6,0.05,0.85,-0.3,True,0.73,-58.3,28.0,-89.2,16.0,False,False,True,REJECT
0.6,0.05,0.85,-0.4,False,0.72,-63.0,28.3,-89.2,17.0,False,False,True,REJECT
0.6,0.05,0.85,-0.4,True,0.73,-63.0,28.4,-89.2,16.9,False,False,True,REJECT
0.6,0.05,0.85,-0.5,False,0.73,-64.9,28.9,-89.3,17.7,False,False,True,REJECT
0.6,0.05,0.85,-0.5,True,0.73,-64.9,29.2,-89.3,17.6,False,False,True,REJECT
0.6,0.05,1.0,-0.2,False,0.72,-58.3,26.4,-86.5,16.2,False,False,True,REJECT
0.6,0.05,1.0,-0.2,True,0.73,-58.3,27.0,-86.5,16.0,False,False,True,REJECT
0.6,0.05,1.0,-0.3,False,0.72,-58.3,27.6,-89.2,16.1,False,False,True,REJECT
0.6,0.05,1.0,-0.3,True,0.73,-58.3,28.0,-89.2,16.0,False,False,True,REJECT
0.6,0.05,1.0,-0.4,False,0.72,-63.0,28.3,-89.2,17.0,False,False,True,REJECT
0.6,0.05,1.0,-0.4,True,0.73,-63.0,28.4,-89.2,16.9,False,False,True,REJECT
0.6,0.05,1.0,-0.5,False,0.73,-64.9,28.9,-89.3,17.7,False,False,True,REJECT
0.6,0.05,1.0,-0.5,True,0.73,-64.9,29.2,-89.3,17.6,False,False,True,REJECT
0.6,0.1,0.6,-0.2,False,0.71,-58.2,26.7,-88.0,16.0,False,False,True,REJECT
0.6,0.1,0.6,-0.2,True,0.72,-58.2,27.2,-88.0,15.9,False,False,True,REJECT
0.6,0.1,0.6,-0.3,False,0.71,-58.3,26.8,-87.3,16.7,False,False,True,REJECT
0.6,0.1,0.6,-0.3,True,0.71,-58.3,27.3,-87.3,16.6,False,False,True,REJECT
0.6,0.1,0.6,-0.4,False,0.73,-62.7,28.1,-84.7,18.7,False,False,True,REJECT
0.6,0.1,0.6,-0.4,True,0.75,-62.7,29.4,-84.7,18.6,False,False,True,REJECT
0.6,0.1,0.6,-0.5,False,0.73,-64.4,29.0,-89.2,18.0,False,False,True,REJECT
0.6,0.1,0.6,-0.5,True,0.73,-64.4,29.1,-89.2,17.9,False,False,True,REJECT
0.6,0.1,0.7,-0.2,False,0.7,-58.2,26.0,-88.1,16.1,False,False,True,REJECT
0.6,0.1,0.7,-0.2,True,0.7,-58.2,26.5,-88.1,16.0,False,False,True,REJECT
0.6,0.1,0.7,-0.3,False,0.73,-58.3,28.3,-86.0,17.5,False,False,True,REJECT
0.6,0.1,0.7,-0.3,True,0.74,-58.3,28.6,-86.0,17.4,False,False,True,REJECT
0.6,0.1,0.7,-0.4,False,0.7,-64.6,27.0,-85.2,18.7,False,False,True,REJECT
0.6,0.1,0.7,-0.4,True,0.72,-62.4,28.0,-85.2,18.6,False,False,True,REJECT
0.6,0.1,0.7,-0.5,False,0.72,-64.0,28.3,-90.8,16.6,False,False,True,REJECT
0.6,0.1,0.7,-0.5,True,0.72,-64.0,28.5,-90.8,16.5,False,False,True,REJECT
0.6,0.1,0.85,-0.2,False,0.7,-58.2,26.0,-88.1,16.1,False,False,True,REJECT
0.6,0.1,0.85,-0.2,True,0.7,-58.2,26.5,-88.1,16.0,False,False,True,REJECT
0.6,0.1,0.85,-0.3,False,0.73,-58.3,28.3,-86.0,17.5,False,False,True,REJECT
0.6,0.1,0.85,-0.3,True,0.74,-58.3,28.6,-86.0,17.4,False,False,True,REJECT
0.6,0.1,0.85,-0.4,False,0.7,-64.6,27.0,-85.2,18.7,False,False,True,REJECT
0.6,0.1,0.85,-0.4,True,0.72,-62.4,28.0,-85.2,18.6,False,False,True,REJECT
0.6,0.1,0.85,-0.5,False,0.72,-64.0,28.3,-90.8,16.6,False,False,True,REJECT
0.6,0.1,0.85,-0.5,True,0.72,-64.0,28.5,-90.8,16.5,False,False,True,REJECT
0.6,0.1,1.0,-0.2,False,0.7,-58.2,26.0,-88.1,16.1,False,False,True,REJECT
0.6,0.1,1.0,-0.2,True,0.7,-58.2,26.5,-88.1,16.0,False,False,True,REJECT
0.6,0.1,1.0,-0.3,False,0.73,-58.3,28.3,-86.0,17.5,False,False,True,REJECT
0.6,0.1,1.0,-0.3,True,0.74,-58.3,28.6,-86.0,17.4,False,False,True,REJECT
0.6,0.1,1.0,-0.4,False,0.7,-64.6,27.0,-85.2,18.7,False,False,True,REJECT
0.6,0.1,1.0,-0.4,True,0.72,-62.4,28.0,-85.2,18.6,False,False,True,REJECT
0.6,0.1,1.0,-0.5,False,0.72,-64.0,28.3,-90.8,16.6,False,False,True,REJECT
0.6,0.1,1.0,-0.5,True,0.72,-64.0,28.5,-90.8,16.5,False,False,True,REJECT
0.6,0.15,0.6,-0.2,False,0.69,-60.8,25.9,-92.0,15.1,False,False,True,REJECT
0.6,0.15,0.6,-0.2,True,0.69,-63.3,26.5,-92.0,15.0,False,False,True,REJECT
0.6,0.15,0.6,-0.3,False,0.69,-63.3,26.4,-86.7,17.2,False,False,True,REJECT
0.6,0.15,0.6,-0.3,True,0.7,-63.3,26.9,-86.7,17.2,False,False,True,REJECT
0.6,0.15,0.6,-0.4,False,0.7,-64.3,27.4,-85.1,17.3,False,False,True,REJECT
0.6,0.15,0.6,-0.4,True,0.69,-64.3,26.6,-85.1,17.3,False,False,True,REJECT
0.6,0.15,0.6,-0.5,False,0.73,-64.3,29.6,-86.3,18.2,False,False,True,REJECT
0.6,0.15,0.6,-0.5,True,0.72,-64.3,28.8,-86.3,18.1,False,False,True,REJECT
0.6,0.15,0.7,-0.2,False,0.69,-60.8,26.2,-92.2,15.2,False,False,True,REJECT
0.6,0.15,0.7,-0.2,True,0.7,-63.3,26.7,-92.2,15.1,False,False,True,REJECT
0.6,0.15,0.7,-0.3,False,0.69,-67.2,26.6,-87.1,17.0,False,False,True,REJECT
0.6,0.15,0.7,-0.3,True,0.69,-63.6,26.3,-87.1,16.9,False,False,True,REJECT
0.6,0.15,0.7,-0.4,False,0.75,-63.3,30.1,-85.2,18.4,False,False,True,REJECT
0.6,0.15,0.7,-0.4,True,0.74,-63.3,29.3,-85.2,18.3,False,False,True,REJECT
0.6,0.15,0.7,-0.5,False,0.72,-64.3,28.9,-86.5,17.3,False,False,True,REJECT
0.6,0.15,0.7,-0.5,True,0.71,-64.3,28.2,-86.5,17.2,False,False,True,REJECT
0.6,0.15,0.85,-0.2,False,0.69,-60.8,26.2,-92.2,15.2,False,False,True,REJECT
0.6,0.15,0.85,-0.2,True,0.7,-63.3,26.7,-92.2,15.1,False,False,True,REJECT
0.6,0.15,0.85,-0.3,False,0.69,-67.2,26.6,-87.1,17.0,False,False,True,REJECT
0.6,0.15,0.85,-0.3,True,0.69,-63.6,26.3,-87.1,16.9,False,False,True,REJECT
0.6,0.15,0.85,-0.4,False,0.75,-63.3,30.1,-85.2,18.4,False,False,True,REJECT
0.6,0.15,0.85,-0.4,True,0.74,-63.3,29.3,-85.2,18.3,False,False,True,REJECT
0.6,0.15,0.85,-0.5,False,0.72,-64.3,28.9,-86.5,17.3,False,False,True,REJECT
0.6,0.15,0.85,-0.5,True,0.71,-64.3,28.2,-86.5,17.2,False,False,True,REJECT
0.6,0.15,1.0,-0.2,False,0.69,-60.8,26.2,-92.2,15.2,False,False,True,REJECT
0.6,0.15,1.0,-0.2,True,0.7,-63.3,26.7,-92.2,15.1,False,False,True,REJECT
0.6,0.15,1.0,-0.3,False,0.69,-67.2,26.6,-87.1,17.0,False,False,True,REJECT
0.6,0.15,1.0,-0.3,True,0.69,-63.6,26.3,-87.1,16.9,False,False,True,REJECT
0.6,0.15,1.0,-0.4,False,0.75,-63.3,30.1,-85.2,18.4,False,False,True,REJECT
0.6,0.15,1.0,-0.4,True,0.74,-63.3,29.3,-85.2,18.3,False,False,True,REJECT
0.6,0.15,1.0,-0.5,False,0.72,-64.3,28.9,-86.5,17.3,False,False,True,REJECT
0.6,0.15,1.0,-0.5,True,0.71,-64.3,28.2,-86.5,17.2,False,False,True,REJECT
0.6,0.2,0.6,-0.2,False,0.66,-67.1,24.8,-93.8,15.4,False,False,True,REJECT
0.6,0.2,0.6,-0.2,True,0.68,-67.9,25.8,-93.8,15.4,False,False,True,REJECT
0.6,0.2,0.6,-0.3,False,0.69,-67.1,26.6,-88.4,18.4,False,False,True,REJECT
0.6,0.2,0.6,-0.3,True,0.69,-67.9,26.8,-88.4,18.3,False,False,True,REJECT
0.6,0.2,0.6,-0.4,False,0.69,-70.1,27.2,-88.7,18.0,False,False,True,REJECT
0.6,0.2,0.6,-0.4,True,0.7,-67.9,27.6,-88.7,18.0,False,False,True,REJECT
0.6,0.2,0.6,-0.5,False,0.69,-70.1,27.0,-90.6,17.9,False,False,True,REJECT
0.6,0.2,0.6,-0.5,True,0.71,-67.9,27.6,-90.6,17.8,False,False,True,REJECT
0.6,0.2,0.7,-0.2,False,0.66,-67.1,24.9,-93.9,15.4,False,False,True,REJECT
0.6,0.2,0.7,-0.2,True,0.68,-67.9,25.8,-93.9,15.3,False,False,True,REJECT
0.6,0.2,0.7,-0.3,False,0.69,-67.9,26.9,-88.4,18.1,False,False,True,REJECT
0.6,0.2,0.7,-0.3,True,0.7,-67.9,27.2,-88.4,18.1,False,False,True,REJECT
0.6,0.2,0.7,-0.4,False,0.69,-70.1,27.2,-89.0,18.1,False,False,True,REJECT
0.6,0.2,0.7,-0.4,True,0.71,-67.9,27.7,-89.0,18.0,False,False,True,REJECT
0.6,0.2,0.7,-0.5,False,0.69,-70.1,27.1,-90.6,18.0,False,False,True,REJECT
0.6,0.2,0.7,-0.5,True,0.7,-67.9,27.6,-90.6,17.9,False,False,True,REJECT
0.6,0.2,0.85,-0.2,False,0.66,-67.1,24.9,-93.9,15.4,False,False,True,REJECT
0.6,0.2,0.85,-0.2,True,0.68,-67.9,25.8,-93.9,15.3,False,False,True,REJECT
0.6,0.2,0.85,-0.3,False,0.69,-67.9,26.9,-88.4,18.1,False,False,True,REJECT
0.6,0.2,0.85,-0.3,True,0.7,-67.9,27.2,-88.4,18.1,False,False,True,REJECT
0.6,0.2,0.85,-0.4,False,0.69,-70.1,27.2,-89.0,18.1,False,False,True,REJECT
0.6,0.2,0.85,-0.4,True,0.71,-67.9,27.7,-89.0,18.0,False,False,True,REJECT
0.6,0.2,0.85,-0.5,False,0.69,-70.1,27.1,-90.6,18.0,False,False,True,REJECT
0.6,0.2,0.85,-0.5,True,0.7,-67.9,27.6,-90.6,17.9,False,False,True,REJECT
0.6,0.2,1.0,-0.2,False,0.66,-67.1,24.9,-93.9,15.4,False,False,True,REJECT
0.6,0.2,1.0,-0.2,True,0.68,-67.9,25.8,-93.9,15.3,False,False,True,REJECT
0.6,0.2,1.0,-0.3,False,0.69,-67.9,26.9,-88.4,18.1,False,False,True,REJECT
0.6,0.2,1.0,-0.3,True,0.7,-67.9,27.2,-88.4,18.1,False,False,True,REJECT
0.6,0.2,1.0,-0.4,False,0.69,-70.1,27.2,-89.0,18.1,False,False,True,REJECT
0.6,0.2,1.0,-0.4,True,0.71,-67.9,27.7,-89.0,18.0,False,False,True,REJECT
0.6,0.2,1.0,-0.5,False,0.69,-70.1,27.1,-90.6,18.0,False,False,True,REJECT
0.6,0.2,1.0,-0.5,True,0.7,-67.9,27.6,-90.6,17.9,False,False,True,REJECT
0.6,0.25,0.6,-0.2,False,0.69,-65.2,26.5,-84.0,18.0,False,False,True,REJECT
0.6,0.25,0.6,-0.2,True,0.69,-67.9,27.2,-84.0,18.0,False,False,True,REJECT
0.6,0.25,0.6,-0.3,False,0.69,-67.9,26.7,-86.6,18.4,False,False,True,REJECT
0.6,0.25,0.6,-0.3,True,0.69,-67.9,27.2,-86.6,18.4,False,False,True,REJECT
0.6,0.25,0.6,-0.4,False,0.7,-69.6,27.6,-86.2,17.5,False,False,True,REJECT
0.6,0.25,0.6,-0.4,True,0.69,-67.9,27.2,-86.2,17.5,False,False,True,REJECT
0.6,0.25,0.6,-0.5,False,0.7,-69.6,27.6,-83.9,19.7,False,False,True,REJECT
0.6,0.25,0.6,-0.5,True,0.69,-67.9,27.2,-83.9,19.7,False,False,True,REJECT
0.6,0.25,0.7,-0.2,False,0.7,-65.3,26.7,-85.8,17.6,False,False,True,REJECT
0.6,0.25,0.7,-0.2,True,0.69,-67.9,27.2,-85.8,17.6,False,False,True,REJECT
0.6,0.25,0.7,-0.3,False,0.69,-67.9,26.9,-86.6,18.6,False,False,True,REJECT
0.6,0.25,0.7,-0.3,True,0.69,-67.9,27.2,-86.6,18.6,False,False,True,REJECT
0.6,0.25,0.7,-0.4,False,0.7,-69.6,27.6,-86.2,17.5,False,False,True,REJECT
0.6,0.25,0.7,-0.4,True,0.69,-67.9,27.2,-86.2,17.5,False,False,True,REJECT
0.6,0.25,0.7,-0.5,False,0.7,-69.6,27.6,-89.6,20.1,False,False,True,REJECT
0.6,0.25,0.7,-0.5,True,0.69,-67.9,27.2,-89.6,20.1,False,False,True,REJECT
0.6,0.25,0.85,-0.2,False,0.7,-65.3,26.7,-85.8,17.6,False,False,True,REJECT
0.6,0.25,0.85,-0.2,True,0.69,-67.9,27.2,-85.8,17.6,False,False,True,REJECT
0.6,0.25,0.85,-0.3,False,0.69,-67.9,26.9,-86.6,18.6,False,False,True,REJECT
0.6,0.25,0.85,-0.3,True,0.69,-67.9,27.2,-86.6,18.6,False,False,True,REJECT
0.6,0.25,0.85,-0.4,False,0.7,-69.6,27.6,-86.2,17.5,False,False,True,REJECT
0.6,0.25,0.85,-0.4,True,0.69,-67.9,27.2,-86.2,17.5,False,False,True,REJECT
0.6,0.25,0.85,-0.5,False,0.7,-69.6,27.6,-89.6,20.1,False,False,True,REJECT
0.6,0.25,0.85,-0.5,True,0.69,-67.9,27.2,-89.6,20.1,False,False,True,REJECT
0.6,0.25,1.0,-0.2,False,0.7,-65.3,26.7,-85.8,17.6,False,False,True,REJECT
0.6,0.25,1.0,-0.2,True,0.69,-67.9,27.2,-85.8,17.6,False,False,True,REJECT
0.6,0.25,1.0,-0.3,False,0.69,-67.9,26.9,-86.6,18.6,False,False,True,REJECT
0.6,0.25,1.0,-0.3,True,0.69,-67.9,27.2,-86.6,18.6,False,False,True,REJECT
0.6,0.25,1.0,-0.4,False,0.7,-69.6,27.6,-86.2,17.5,False,False,True,REJECT
0.6,0.25,1.0,-0.4,True,0.69,-67.9,27.2,-86.2,17.5,False,False,True,REJECT
0.6,0.25,1.0,-0.5,False,0.7,-69.6,27.6,-89.6,20.1,False,False,True,REJECT
0.6,0.25,1.0,-0.5,True,0.69,-67.9,27.2,-89.6,20.1,False,False,True,REJECT
0.7,0.05,0.7,-0.2,False,0.72,-63.3,29.2,-93.0,16.2,False,False,True,REJECT
0.7,0.05,0.7,-0.2,True,0.73,-63.3,30.0,-93.0,16.1,False,False,True,REJECT
0.7,0.05,0.7,-0.3,False,0.74,-66.8,30.8,-93.6,17.6,False,False,True,REJECT
0.7,0.05,0.7,-0.3,True,0.74,-66.8,31.3,-93.6,17.5,False,False,True,REJECT
0.7,0.05,0.7,-0.4,False,0.73,-70.4,30.9,-94.1,17.4,False,False,True,REJECT
0.7,0.05,0.7,-0.4,True,0.73,-70.4,31.0,-94.1,17.2,False,False,True,REJECT
0.7,0.05,0.7,-0.5,False,0.74,-71.7,31.7,-95.3,17.0,False,False,True,REJECT
0.7,0.05,0.7,-0.5,True,0.74,-71.7,31.7,-95.3,16.8,False,False,True,REJECT
0.7,0.05,0.85,-0.2,False,0.71,-66.8,28.8,-94.4,15.6,False,False,True,REJECT
0.7,0.05,0.85,-0.2,True,0.73,-66.8,29.7,-94.4,15.5,False,False,True,REJECT
0.7,0.05,0.85,-0.3,False,0.73,-66.8,30.2,-93.8,17.0,False,False,True,REJECT
0.7,0.05,0.85,-0.3,True,0.73,-66.8,30.7,-93.8,16.9,False,False,True,REJECT
0.7,0.05,0.85,-0.4,False,0.73,-70.9,31.1,-93.8,17.5,False,False,True,REJECT
0.7,0.05,0.85,-0.4,True,0.73,-70.9,31.2,-93.8,17.5,False,False,True,REJECT
0.7,0.05,0.85,-0.5,False,0.74,-72.9,31.6,-94.4,17.2,False,False,True,REJECT
0.7,0.05,0.85,-0.5,True,0.74,-72.9,31.7,-94.4,17.0,False,False,True,REJECT
0.7,0.05,1.0,-0.2,False,0.71,-66.8,28.8,-94.4,15.6,False,False,True,REJECT
0.7,0.05,1.0,-0.2,True,0.73,-66.8,29.7,-94.4,15.5,False,False,True,REJECT
0.7,0.05,1.0,-0.3,False,0.73,-66.8,30.2,-93.8,17.0,False,False,True,REJECT
0.7,0.05,1.0,-0.3,True,0.73,-66.8,30.7,-93.8,16.9,False,False,True,REJECT
0.7,0.05,1.0,-0.4,False,0.73,-70.9,31.1,-93.8,17.5,False,False,True,REJECT
0.7,0.05,1.0,-0.4,True,0.73,-70.9,31.2,-93.8,17.5,False,False,True,REJECT
0.7,0.05,1.0,-0.5,False,0.74,-72.9,31.6,-94.4,17.2,False,False,True,REJECT
0.7,0.05,1.0,-0.5,True,0.74,-72.9,31.7,-94.4,17.0,False,False,True,REJECT
0.7,0.1,0.7,-0.2,False,0.71,-69.0,29.2,-92.3,17.1,False,False,True,REJECT
0.7,0.1,0.7,-0.2,True,0.72,-70.2,30.1,-92.3,16.9,False,False,True,REJECT
0.7,0.1,0.7,-0.3,False,0.74,-65.6,31.1,-92.2,18.3,False,False,True,REJECT
0.7,0.1,0.7,-0.3,True,0.75,-65.6,31.6,-92.2,18.2,False,False,True,REJECT
0.7,0.1,0.7,-0.4,False,0.76,-67.3,32.7,-91.4,18.5,False,False,True,REJECT
0.7,0.1,0.7,-0.4,True,0.74,-70.2,31.6,-91.4,18.4,False,False,True,REJECT
0.7,0.1,0.7,-0.5,False,0.75,-72.1,32.4,-94.8,17.4,False,False,True,REJECT
0.7,0.1,0.7,-0.5,True,0.75,-72.1,32.6,-94.8,17.3,False,False,True,REJECT
0.7,0.1,0.85,-0.2,False,0.71,-65.6,29.1,-92.5,17.1,False,False,True,REJECT
0.7,0.1,0.85,-0.2,True,0.72,-70.2,30.1,-92.5,17.0,False,False,True,REJECT
0.7,0.1,0.85,-0.3,False,0.75,-63.4,32.1,-92.5,18.1,False,False,True,REJECT
0.7,0.1,0.85,-0.3,True,0.74,-65.6,31.2,-92.5,18.0,False,False,True,REJECT
0.7,0.1,0.85,-0.4,False,0.74,-70.2,31.4,-91.8,18.6,False,False,True,REJECT
0.7,0.1,0.85,-0.4,True,0.75,-70.5,32.1,-91.8,18.5,False,False,True,REJECT
0.7,0.1,0.85,-0.5,False,0.75,-70.9,32.6,-95.7,17.6,False,False,True,REJECT
0.7,0.1,0.85,-0.5,True,0.76,-70.9,33.0,-95.7,17.5,False,False,True,REJECT
0.7,0.1,1.0,-0.2,False,0.71,-65.6,29.1,-92.5,17.1,False,False,True,REJECT
0.7,0.1,1.0,-0.2,True,0.72,-70.2,30.1,-92.5,17.0,False,False,True,REJECT
0.7,0.1,1.0,-0.3,False,0.75,-63.4,32.1,-92.5,18.1,False,False,True,REJECT
0.7,0.1,1.0,-0.3,True,0.74,-65.6,31.2,-92.5,18.0,False,False,True,REJECT
0.7,0.1,1.0,-0.4,False,0.74,-70.2,31.4,-91.8,18.6,False,False,True,REJECT
0.7,0.1,1.0,-0.4,True,0.75,-70.5,32.1,-91.8,18.5,False,False,True,REJECT
0.7,0.1,1.0,-0.5,False,0.75,-70.9,32.6,-95.7,17.6,False,False,True,REJECT
0.7,0.1,1.0,-0.5,True,0.76,-70.9,33.0,-95.7,17.5,False,False,True,REJECT
0.7,0.15,0.7,-0.2,False,0.74,-65.9,31.2,-94.0,16.9,False,False,True,REJECT
0.7,0.15,0.7,-0.2,True,0.74,-67.8,31.6,-94.0,16.8,False,False,True,REJECT
0.7,0.15,0.7,-0.3,False,0.72,-67.3,30.0,-94.3,16.8,False,False,True,REJECT
0.7,0.15,0.7,-0.3,True,0.72,-67.8,30.5,-94.3,16.7,False,False,True,REJECT
0.7,0.15,0.7,-0.4,False,0.74,-69.1,31.8,-94.3,17.5,False,False,True,REJECT
0.7,0.15,0.7,-0.4,True,0.74,-69.1,32.1,-94.3,17.4,False,False,True,REJECT
0.7,0.15,0.7,-0.5,False,0.74,-71.3,32.0,-94.9,17.7,False,False,True,REJECT
0.7,0.15,0.7,-0.5,True,0.74,-69.1,31.8,-94.9,17.6,False,False,True,REJECT
0.7,0.15,0.85,-0.2,False,0.72,-66.1,29.9,-94.1,16.9,False,False,True,REJECT
0.7,0.15,0.85,-0.2,True,0.72,-67.8,30.4,-94.1,16.8,False,False,True,REJECT
0.7,0.15,0.85,-0.3,False,0.72,-68.3,30.2,-94.6,17.3,False,False,True,REJECT
0.7,0.15,0.85,-0.3,True,0.72,-67.8,30.6,-94.6,17.2,False,False,True,REJECT
0.7,0.15,0.85,-0.4,False,0.74,-69.7,32.1,-94.5,17.9,False,False,True,REJECT
0.7,0.15,0.85,-0.4,True,0.75,-69.7,32.5,-94.5,17.8,False,False,True,REJECT
0.7,0.15,0.85,-0.5,False,0.75,-69.1,32.7,-93.8,18.2,False,False,True,REJECT
0.7,0.15,0.85,-0.5,True,0.74,-69.1,31.7,-93.8,18.1,False,False,True,REJECT
0.7,0.15,1.0,-0.2,False,0.72,-66.1,29.9,-94.1,16.9,False,False,True,REJECT
0.7,0.15,1.0,-0.2,True,0.72,-67.8,30.4,-94.1,16.8,False,False,True,REJECT
0.7,0.15,1.0,-0.3,False,0.72,-68.3,30.2,-94.6,17.3,False,False,True,REJECT
0.7,0.15,1.0,-0.3,True,0.72,-67.8,30.6,-94.6,17.2,False,False,True,REJECT
0.7,0.15,1.0,-0.4,False,0.74,-69.7,32.1,-94.5,17.9,False,False,True,REJECT
0.7,0.15,1.0,-0.4,True,0.75,-69.7,32.5,-94.5,17.8,False,False,True,REJECT
0.7,0.15,1.0,-0.5,False,0.75,-69.1,32.7,-93.8,18.2,False,False,True,REJECT
0.7,0.15,1.0,-0.5,True,0.74,-69.1,31.7,-93.8,18.1,False,False,True,REJECT
0.7,0.2,0.7,-0.2,False,0.71,-72.5,29.2,-94.3,16.6,False,False,True,REJECT
0.7,0.2,0.7,-0.2,True,0.72,-73.5,30.4,-94.3,16.5,False,False,True,REJECT
0.7,0.2,0.7,-0.3,False,0.71,-77.7,30.0,-94.1,16.8,False,False,True,REJECT
0.7,0.2,0.7,-0.3,True,0.72,-77.7,30.5,-94.1,16.7,False,False,True,REJECT
0.7,0.2,0.7,-0.4,False,0.75,-74.6,32.8,-93.8,18.0,False,False,True,REJECT
0.7,0.2,0.7,-0.4,True,0.75,-73.5,32.9,-93.8,17.8,False,False,True,REJECT
0.7,0.2,0.7,-0.5,False,0.75,-74.6,32.8,-94.1,18.0,False,False,True,REJECT
0.7,0.2,0.7,-0.5,True,0.75,-73.5,32.8,-94.1,17.9,False,False,True,REJECT
0.7,0.2,0.85,-0.2,False,0.71,-72.5,29.2,-94.4,16.6,False,False,True,REJECT
0.7,0.2,0.85,-0.2,True,0.72,-73.5,30.4,-94.4,16.5,False,False,True,REJECT
0.7,0.2,0.85,-0.3,False,0.71,-74.6,29.5,-94.1,17.5,False,False,True,REJECT
0.7,0.2,0.85,-0.3,True,0.74,-73.5,32.3,-94.1,17.4,False,False,True,REJECT
0.7,0.2,0.85,-0.4,False,0.75,-74.6,32.8,-93.9,17.9,False,False,True,REJECT
0.7,0.2,0.85,-0.4,True,0.75,-73.5,32.9,-93.9,17.7,False,False,True,REJECT
0.7,0.2,0.85,-0.5,False,0.75,-74.6,32.8,-96.4,18.0,False,False,True,REJECT
0.7,0.2,0.85,-0.5,True,0.75,-73.5,32.8,-96.4,17.9,False,False,True,REJECT
0.7,0.2,1.0,-0.2,False,0.71,-72.5,29.2,-94.4,16.6,False,False,True,REJECT
0.7,0.2,1.0,-0.2,True,0.72,-73.5,30.4,-94.4,16.5,False,False,True,REJECT
0.7,0.2,1.0,-0.3,False,0.71,-74.6,29.5,-94.1,17.5,False,False,True,REJECT
0.7,0.2,1.0,-0.3,True,0.74,-73.5,32.3,-94.1,17.4,False,False,True,REJECT
0.7,0.2,1.0,-0.4,False,0.75,-74.6,32.8,-93.9,17.9,False,False,True,REJECT
0.7,0.2,1.0,-0.4,True,0.75,-73.5,32.9,-93.9,17.7,False,False,True,REJECT
0.7,0.2,1.0,-0.5,False,0.75,-74.6,32.8,-96.4,18.0,False,False,True,REJECT
0.7,0.2,1.0,-0.5,True,0.75,-73.5,32.8,-96.4,17.9,False,False,True,REJECT
0.7,0.25,0.7,-0.2,False,0.75,-76.0,33.8,-96.5,16.0,False,False,False,REJECT
0.7,0.25,0.7,-0.2,True,0.72,-72.9,30.5,-96.5,15.9,False,False,False,REJECT
0.7,0.25,0.7,-0.3,False,0.71,-73.0,30.0,-96.4,16.0,False,False,False,REJECT
0.7,0.25,0.7,-0.3,True,0.72,-72.9,30.5,-96.4,15.9,False,False,False,REJECT
0.7,0.25,0.7,-0.4,False,0.72,-73.8,30.7,-96.2,16.5,False,False,False,REJECT
0.7,0.25,0.7,-0.4,True,0.72,-72.9,30.5,-96.2,16.4,False,False,False,REJECT
0.7,0.25,0.7,-0.5,False,0.75,-80.1,33.6,-96.4,16.4,False,False,False,REJECT
0.7,0.25,0.7,-0.5,True,0.75,-80.1,33.8,-96.4,16.2,False,False,False,REJECT
0.7,0.25,0.85,-0.2,False,0.71,-71.7,29.8,-96.5,16.1,False,False,False,REJECT
0.7,0.25,0.85,-0.2,True,0.72,-72.9,30.5,-96.5,16.0,False,False,False,REJECT
0.7,0.25,0.85,-0.3,False,0.71,-73.0,30.2,-96.4,16.2,False,False,False,REJECT
0.7,0.25,0.85,-0.3,True,0.72,-72.9,30.5,-96.4,16.1,False,False,False,REJECT
0.7,0.25,0.85,-0.4,False,0.72,-73.9,30.7,-96.2,16.5,False,False,False,REJECT
0.7,0.25,0.85,-0.4,True,0.72,-72.9,30.5,-96.2,16.4,False,False,False,REJECT
0.7,0.25,0.85,-0.5,False,0.72,-73.9,30.7,-96.5,16.4,False,False,False,REJECT
0.7,0.25,0.85,-0.5,True,0.75,-80.3,33.7,-96.5,16.3,False,False,False,REJECT
0.7,0.25,1.0,-0.2,False,0.71,-71.7,29.8,-96.5,16.1,False,False,False,REJECT
0.7,0.25,1.0,-0.2,True,0.72,-72.9,30.5,-96.5,16.0,False,False,False,REJECT
0.7,0.25,1.0,-0.3,False,0.71,-73.0,30.2,-96.4,16.2,False,False,False,REJECT
0.7,0.25,1.0,-0.3,True,0.72,-72.9,30.5,-96.4,16.1,False,False,False,REJECT
0.7,0.25,1.0,-0.4,False,0.72,-73.9,30.7,-96.2,16.5,False,False,False,REJECT
0.7,0.25,1.0,-0.4,True,0.72,-72.9,30.5,-96.2,16.4,False,False,False,REJECT
0.7,0.25,1.0,-0.5,False,0.72,-73.9,30.7,-96.5,16.4,False,False,False,REJECT
0.7,0.25,1.0,-0.5,True,0.75,-80.3,33.7,-96.5,16.3,False,False,False,REJECT
