종목,일수,CAGR%,Sharpe,MDD%,평균비중%,매수보유 CAGR%,매수보유 Sharpe,매수보유 MDD%,규칙이 Sharpe 개선
NVDA,3195,27.2,1.3,-27.2,40.5,65.1,1.26,-66.3,True
PLTR,1497,33.7,1.15,-34.6,33.7,63.3,1.0,-84.6,True
AVGO,3195,18.9,1.05,-20.1,42.0,42.2,1.05,-48.3,False
CEG,1169,23.2,0.95,-23.5,40.0,49.4,0.98,-50.7,False
CTAS,3195,11.4,0.93,-19.8,42.6,24.2,0.91,-48.4,True
ALAB,625,34.5,0.92,-27.4,34.8,80.9,1.05,-63.7,False
AMD,3195,22.1,0.91,-29.3,37.9,46.8,0.91,-65.4,False
LRCX,3195,17.1,0.91,-23.7,40.0,37.9,0.92,-56.4,False
SHOP,2848,21.2,0.91,-36.6,37.7,46.8,0.89,-84.8,True
AAPL,3195,12.3,0.88,-18.4,42.4,26.4,0.9,-38.5,False
FTNT,3195,15.9,0.88,-25.3,40.9,35.1,0.91,-51.2,False
RKLB,1458,26.9,0.88,-33.6,30.5,38.4,0.75,-83.0,True
ARM,754,29.3,0.86,-23.9,36.3,56.8,0.9,-54.0,False
KLAC,3195,15.8,0.85,-19.7,42.4,34.3,0.89,-44.5,False
CRWD,1826,20.9,0.85,-32.7,39.5,47.4,0.92,-67.7,False
MSFT,3195,11.5,0.84,-15.6,43.0,24.5,0.87,-37.1,False
PANW,3195,15.2,0.84,-21.0,41.3,33.9,0.89,-48.0,False
MU,3195,17.0,0.84,-30.7,36.6,34.8,0.8,-73.8,True
COST,3195,9.4,0.83,-14.0,42.9,19.5,0.86,-31.4,False
LITE,2804,19.9,0.82,-25.9,38.8,43.2,0.88,-66.9,False
^SOX,3195,12.6,0.82,-20.9,41.8,27.3,0.84,-46.5,False
APP,1362,23.9,0.82,-40.5,33.1,34.8,0.72,-91.9,True
CDNS,3195,12.5,0.81,-16.0,42.3,26.7,0.83,-34.2,False
QQQ,3195,9.2,0.8,-16.3,44.2,18.9,0.83,-35.1,False
AMAT,3195,14.4,0.8,-24.3,39.7,30.0,0.79,-55.1,True
^NDX,3195,8.9,0.77,-15.9,43.9,18.0,0.79,-35.6,False
MPWR,3195,15.1,0.76,-22.2,42.0,33.2,0.82,-51.6,False
CPRT,3195,9.1,0.73,-20.0,39.7,16.2,0.63,-57.4,True
GOOGL,3195,10.5,0.73,-21.1,42.6,22.0,0.77,-44.3,False
ASML,3195,12.5,0.73,-25.5,41.3,26.5,0.77,-56.9,False
GOOG,3195,10.5,0.73,-21.3,42.6,21.9,0.77,-44.6,False
ORLY,3195,9.6,0.73,-19.1,43.1,19.7,0.75,-42.0,False
STX,3195,13.5,0.72,-32.1,39.9,28.7,0.76,-70.1,False
TER,3195,13.4,0.71,-23.9,39.7,27.2,0.72,-59.1,False
MRNA,1953,23.4,0.7,-45.2,29.4,30.4,0.62,-95.4,True
MRVL,3195,13.9,0.69,-24.9,37.3,25.8,0.67,-61.9,True
TSLA,3195,15.5,0.68,-31.6,39.2,32.6,0.75,-73.6,False
TTWO,3195,10.9,0.68,-23.3,41.5,21.7,0.69,-56.1,False
AXON,3195,14.3,0.68,-28.1,39.5,30.9,0.75,-60.3,False
MELI,3195,13.3,0.68,-28.6,39.7,25.7,0.68,-69.1,False
META,3195,11.2,0.68,-32.7,40.6,22.0,0.67,-76.7,True
GRMN,3195,9.4,0.67,-23.0,40.8,18.9,0.68,-54.6,False
NFLX,3195,12.2,0.67,-30.4,40.3,23.7,0.67,-75.9,False
AMZN,3195,10.6,0.67,-26.2,42.0,21.9,0.71,-56.1,False
ENPH,3195,16.6,0.67,-46.6,29.0,14.0,0.54,-96.0,True
EQIX,3195,8.8,0.66,-16.9,41.3,17.8,0.68,-41.8,False
IDXX,3195,9.9,0.65,-25.5,41.6,19.7,0.66,-54.0,False
DDOG,1757,16.1,0.65,-29.2,38.1,29.8,0.68,-68.1,False
ZS,2137,15.0,0.65,-30.9,36.8,23.1,0.6,-76.4,True
SNPS,3195,9.8,0.64,-16.9,41.6,19.3,0.65,-43.0,False
ISRG,3195,9.7,0.63,-21.6,41.6,19.0,0.64,-49.9,False
MDB,2238,15.9,0.63,-37.4,36.6,32.0,0.71,-76.5,False
WMT,3195,7.3,0.63,-16.1,41.3,13.9,0.63,-36.4,False
ODFL,3195,9.8,0.63,-19.5,42.8,20.3,0.69,-45.2,False
CSCO,3195,8.5,0.63,-18.7,43.0,16.8,0.66,-42.0,False
SMCI,3195,14.7,0.62,-40.5,37.0,27.8,0.67,-84.8,False
TTD,2510,16.0,0.62,-32.8,36.0,17.1,0.53,-90.7,True
OKTA,2373,13.8,0.62,-40.6,38.2,24.7,0.63,-84.6,False
MNST,3195,8.8,0.6,-14.0,42.5,17.8,0.65,-30.4,False
TXN,3195,9.1,0.6,-14.2,43.2,18.4,0.65,-33.4,False
ADI,3195,9.4,0.6,-15.4,42.8,19.5,0.66,-33.6,False
CDW,3195,9.0,0.6,-23.5,42.4,17.1,0.61,-60.4,False
MSTR,3195,14.0,0.6,-38.6,35.1,20.1,0.58,-89.3,True
KDP,3195,7.4,0.59,-15.3,43.0,14.6,0.62,-36.9,False
MAR,3195,8.7,0.59,-27.6,41.2,17.5,0.61,-61.3,False
ROST,3195,8.5,0.58,-20.7,41.7,16.4,0.59,-51.4,False
TEAM,2707,11.7,0.57,-35.4,37.5,22.8,0.6,-87.5,False
NTES,3195,10.2,0.57,-26.8,39.6,19.5,0.59,-57.3,False
ADP,3195,7.2,0.57,-18.2,42.8,13.9,0.59,-40.8,False
FAST,3195,7.5,0.56,-13.6,40.9,15.0,0.59,-30.7,False
CSX,3195,7.8,0.56,-19.2,41.2,15.5,0.59,-40.7,False
EXPD,3195,7.1,0.55,-15.7,41.5,13.7,0.57,-35.6,False
AEP,3195,6.2,0.54,-13.6,41.5,11.8,0.56,-32.9,False
NTAP,3195,8.6,0.54,-22.7,40.3,15.8,0.54,-58.1,False
TMUS,3195,7.7,0.53,-15.3,43.6,14.5,0.57,-37.1,False
LIN,3195,6.6,0.53,-14.6,42.2,12.6,0.57,-32.6,False
EBAY,3195,8.0,0.53,-20.8,41.1,14.3,0.53,-53.6,False
DXCM,3195,10.4,0.53,-26.5,38.0,20.0,0.59,-66.3,False
VRSN,3195,7.2,0.52,-18.1,42.0,13.7,0.55,-38.8,False
ON,3195,10.3,0.52,-27.9,39.2,18.2,0.55,-70.4,False
INTU,3195,7.7,0.51,-28.6,40.6,12.9,0.48,-68.2,True
TRI,3195,6.3,0.51,-26.8,41.8,10.8,0.47,-62.9,True
WDC,3195,9.9,0.51,-34.6,37.6,18.0,0.55,-70.5,False
PCAR,3195,6.8,0.5,-18.6,41.2,13.1,0.53,-37.8,False
CCEP,3195,6.7,0.49,-22.0,42.9,12.7,0.52,-48.8,False
AMGN,3195,6.8,0.49,-12.0,41.7,12.9,0.53,-24.9,False
XEL,3195,6.1,0.49,-12.8,43.2,11.5,0.54,-34.4,False
ADBE,3195,7.5,0.48,-29.4,40.5,12.0,0.45,-71.9,True
VRTX,3195,8.3,0.48,-23.2,41.0,16.5,0.55,-49.1,False
DOCU,2108,10.3,0.47,-39.2,34.3,7.1,0.36,-87.6,True
PAYX,3195,6.1,0.47,-19.0,41.6,11.3,0.49,-45.0,False
ULTA,3195,7.9,0.46,-29.8,41.7,14.4,0.5,-64.9,False
INTC,3195,8.4,0.46,-30.1,39.7,14.0,0.48,-70.8,False
EXC,3195,5.7,0.45,-17.0,40.4,10.3,0.45,-40.0,False
AZN,3195,6.3,0.45,-13.4,42.3,11.9,0.5,-29.7,False
ZM,1863,10.0,0.44,-40.4,32.8,5.5,0.31,-90.3,True
NXPI,3195,7.9,0.43,-21.8,41.3,14.7,0.49,-53.3,False
BATRA,2619,6.7,0.42,-23.7,41.0,11.3,0.43,-54.2,False
FANG,3195,7.7,0.42,-39.7,39.1,13.5,0.47,-88.7,False
INSM,3195,10.4,0.42,-28.5,36.1,16.8,0.49,-67.1,False
ADSK,3195,6.9,0.41,-24.1,40.4,12.5,0.46,-52.0,False
PDD,2046,10.0,0.41,-43.2,37.0,14.3,0.49,-87.4,False
SBUX,3195,5.9,0.41,-19.0,40.5,9.7,0.4,-43.7,True
ROP,3195,5.4,0.4,-17.8,41.9,8.9,0.4,-46.5,False
GEN,3195,6.3,0.4,-22.4,40.8,10.7,0.42,-48.4,False
EXPE,3195,7.5,0.4,-31.0,39.9,12.5,0.45,-70.5,False
SWKS,3195,7.1,0.4,-28.9,39.3,11.5,0.43,-72.9,False
BATRK,2619,6.4,0.4,-24.4,40.8,10.7,0.41,-54.9,False
WTW,3195,5.4,0.39,-15.5,41.7,9.8,0.43,-32.9,False
VRSK,3195,5.3,0.38,-22.2,42.9,8.9,0.4,-50.8,False
HON,3195,5.3,0.38,-21.2,43.4,9.5,0.43,-43.0,False
JBHT,3195,5.8,0.38,-16.6,41.5,10.4,0.42,-42.4,False
CHRW,3195,5.8,0.38,-16.5,41.0,10.5,0.43,-40.6,False
BKNG,3195,6.1,0.38,-19.4,41.8,11.2,0.43,-47.8,False
FER,3195,6.1,0.38,-17.7,41.4,11.2,0.43,-41.2,False
MTCH,3195,6.7,0.37,-38.4,36.6,7.4,0.34,-84.4,True
ALNY,3195,7.8,0.37,-37.2,38.2,11.0,0.43,-77.4,False
GILD,3195,5.3,0.36,-19.6,40.1,8.7,0.37,-45.7,False
MCHP,3195,6.3,0.36,-27.4,40.2,11.9,0.43,-63.8,False
ALGN,3195,6.6,0.36,-38.3,37.6,8.0,0.36,-82.9,False
PTON,1752,8.2,0.34,-38.6,23.5,-21.4,0.08,-98.3,True
PEP,3195,4.3,0.34,-13.4,42.3,7.2,0.36,-30.3,False
ILMN,3195,5.8,0.33,-42.7,37.2,6.2,0.31,-86.2,True
FISV,3194,5.1,0.33,-35.2,40.8,4.3,0.24,-80.2,True
REGN,3195,5.5,0.33,-23.8,39.6,8.6,0.36,-59.7,False
QCOM,3195,5.7,0.32,-20.1,38.0,10.6,0.4,-45.1,False
LULU,3195,5.7,0.32,-33.0,37.4,4.0,0.26,-81.2,True
TSCO,3195,5.0,0.31,-23.1,41.3,7.8,0.34,-52.7,False
PYPL,2817,5.5,0.3,-38.9,37.1,3.4,0.23,-87.3,True
MDLZ,3195,4.3,0.3,-13.3,42.9,7.0,0.34,-29.7,False
DASH,1448,7.2,0.29,-34.4,35.5,0.7,0.24,-82.5,True
HAS,3195,4.7,0.29,-25.7,39.2,7.4,0.32,-63.8,False
UAL,3195,5.4,0.28,-37.4,39.6,8.5,0.37,-79.4,False
INCY,3195,5.1,0.28,-27.6,38.5,7.3,0.32,-66.5,False
SBAC,3195,4.5,0.28,-19.4,41.6,6.6,0.3,-54.5,False
WDAY,3195,5.0,0.27,-28.2,38.9,6.8,0.32,-63.4,False
CSGP,3195,4.4,0.26,-32.1,39.5,4.1,0.23,-72.8,True
FOXA,1890,5.4,0.26,-21.0,39.5,9.2,0.35,-50.6,False
CHKP,3195,4.0,0.24,-22.1,42.7,6.2,0.29,-51.8,False
AKAM,3195,4.3,0.24,-24.3,41.7,6.6,0.3,-49.5,False
BKR,3195,4.4,0.24,-37.6,37.2,5.6,0.28,-80.1,False
TCOM,3195,4.5,0.23,-29.6,38.3,4.0,0.27,-72.0,False
DLTR,3195,4.3,0.23,-24.3,40.9,5.6,0.28,-64.8,False
JD,3098,4.3,0.22,-39.6,37.1,3.2,0.26,-79.1,False
FOX,1889,4.6,0.21,-20.9,39.0,7.2,0.29,-50.7,False
HSIC,3195,3.5,0.2,-16.8,39.5,5.4,0.26,-41.4,False
CHTR,3195,3.3,0.17,-37.2,39.5,0.0,0.12,-85.0,True
VIP,3195,3.3,0.17,-62.4,24.7,-32.7,0.08,-100.0,True
GFS,1225,5.3,0.16,-21.4,36.6,-1.5,0.15,-61.5,True
WBD,3195,2.9,0.14,-45.7,35.5,-3.7,0.09,-91.3,True
ABNB,1447,4.0,0.13,-24.8,36.9,2.6,0.21,-62.0,False
CMCSA,3195,2.7,0.13,-22.3,40.4,2.3,0.14,-55.4,False
CTSH,3195,2.6,0.12,-21.7,39.5,2.9,0.18,-56.1,False
SIRI,3195,2.3,0.09,-32.4,38.0,0.2,0.12,-73.9,False
GEHC,940,4.8,0.08,-15.6,38.7,1.7,0.08,-37.4,False
BMRN,3195,1.7,0.05,-23.2,37.1,-0.5,0.12,-66.7,False
VOD,3195,1.7,0.04,-26.2,39.7,-0.3,0.05,-63.4,False
BIDU,3195,1.2,0.03,-37.2,35.0,-5.4,0.05,-77.5,False
LCID,1505,1.1,0.02,-53.2,18.4,-41.5,-0.21,-99.3,True
BIIB,3195,1.0,0.01,-32.6,37.8,-2.0,0.1,-76.2,False
WYNN,3195,0.7,-0.0,-36.8,36.5,-5.1,0.08,-79.8,False
AAL,3195,0.3,-0.02,-42.3,36.5,-4.9,0.11,-84.1,False
NCLH,3195,-0.8,-0.07,-42.5,37.8,-6.6,0.13,-87.8,False
LILAK,2825,-1.0,-0.07,-56.1,34.3,-8.7,0.03,-93.1,False
MAT,3195,-0.6,-0.11,-36.9,36.8,-8.2,-0.07,-81.5,False
LBTYK,3195,-0.3,-0.13,-31.8,39.6,-4.4,-0.06,-66.5,False
KHC,2817,0.2,-0.14,-38.2,38.6,-5.0,-0.13,-76.1,False
LBTYA,3195,-0.5,-0.14,-33.1,38.7,-4.7,-0.06,-68.7,False
LILA,2818,-2.2,-0.19,-49.1,35.7,-10.9,-0.06,-90.5,False
TRIP,3195,-2.8,-0.19,-42.9,34.1,-15.1,-0.1,-91.0,False
RIVN,1216,-4.3,-0.3,-47.8,23.7,-32.4,-0.18,-95.1,False
XRAY,3195,-2.4,-0.3,-42.2,39.5,-10.4,-0.23,-84.5,False
